dynamic,5,10,50,"tensor(20.5858, device='cuda:0')",0.3042071197411003,0.39158576051779936,0.49514563106796117,0.5889967637540453,0.6828478964401294,0.7734627831715211,0.8187702265372169,0.8478964401294499,0.8673139158576052,0.8932038834951457,0.8996763754045307,0.912621359223301,0.9255663430420712
dynamic,5,10,60,"tensor(20.5858, device='cuda:0')",0.3042071197411003,0.39158576051779936,0.49514563106796117,0.5889967637540453,0.6828478964401294,0.7734627831715211,0.8187702265372169,0.8478964401294499,0.8673139158576052,0.8932038834951457,0.8996763754045307,0.912621359223301,0.9255663430420712
dynamic,5,10,80,"tensor(20.5858, device='cuda:0')",0.3042071197411003,0.39158576051779936,0.49514563106796117,0.5889967637540453,0.6828478964401294,0.7734627831715211,0.8187702265372169,0.8478964401294499,0.8673139158576052,0.8932038834951457,0.8996763754045307,0.912621359223301,0.9255663430420712
total,5,10,50,"tensor(20.5858, device='cuda:0')",0.5760517799352751,0.6763754045307443,0.7216828478964401,0.7637540453074434,0.7928802588996764,0.8122977346278317,0.8252427184466019,0.8478964401294499
total,5,10,60,"tensor(20.5858, device='cuda:0')",0.5728155339805825,0.6828478964401294,0.7249190938511327,0.7734627831715211,0.8058252427184466,0.8187702265372169,0.8381877022653722,0.8414239482200647,0.8673139158576052
total,5,10,80,"tensor(20.5858, device='cuda:0')",0.5792880258899676,0.686084142394822,0.7281553398058253,0.7831715210355987,0.8155339805825242,0.8381877022653722,0.8478964401294499,0.8640776699029126,0.8673139158576052,0.8737864077669902,0.8996763754045307
dynamic,5,10,90,"tensor(20.5858, device='cuda:0')",0.3042071197411003,0.39158576051779936,0.49514563106796117,0.5889967637540453,0.6828478964401294,0.7734627831715211,0.8187702265372169,0.8478964401294499,0.8673139158576052,0.8932038834951457,0.8996763754045307,0.912621359223301,0.9255663430420712
total,5,10,90,"tensor(20.5858, device='cuda:0')",0.5760517799352751,0.686084142394822,0.7249190938511327,0.7799352750809061,0.8155339805825242,0.8381877022653722,0.8511326860841424,0.8640776699029126,0.8705501618122977,0.8737864077669902,0.889967637540453,0.912621359223301
dynamic,1,6,20,"tensor(26.1683, device='cuda:0')",0.4401294498381877,0.5145631067961165,0.5857605177993528,0.6504854368932039,0.7249190938511327,0.7831715210355987,0.8058252427184466,0.8284789644012945,0.8511326860841424,0.8576051779935275,0.8705501618122977,0.8802588996763754,0.8867313915857605
dynamic,1,6,1,"tensor(26.1683, device='cuda:0')",0.4401294498381877,0.5145631067961165,0.5857605177993528,0.6504854368932039,0.7249190938511327,0.7831715210355987,0.8058252427184466,0.8284789644012945,0.8511326860841424,0.8576051779935275,0.8705501618122977,0.8802588996763754,0.8867313915857605
dynamic,1,6,30,"tensor(26.1683, device='cuda:0')",0.4401294498381877,0.5145631067961165,0.5857605177993528,0.6504854368932039,0.7249190938511327,0.7831715210355987,0.8058252427184466,0.8284789644012945,0.8511326860841424,0.8576051779935275,0.8705501618122977,0.8802588996763754,0.8867313915857605
dynamic,1,6,2,"tensor(26.1683, device='cuda:0')",0.4401294498381877,0.5145631067961165,0.5857605177993528,0.6504854368932039,0.7249190938511327,0.7831715210355987,0.8058252427184466,0.8284789644012945,0.8511326860841424,0.8576051779935275,0.8705501618122977,0.8802588996763754,0.8867313915857605
dynamic,1,6,5,"tensor(26.1683, device='cuda:0')",0.4401294498381877,0.5145631067961165,0.5857605177993528,0.6504854368932039,0.7249190938511327,0.7831715210355987,0.8058252427184466,0.8284789644012945,0.8511326860841424,0.8576051779935275,0.8705501618122977,0.8802588996763754,0.8867313915857605
dynamic,1,6,10,"tensor(26.1683, device='cuda:0')",0.4401294498381877,0.5145631067961165,0.5857605177993528,0.6504854368932039,0.7249190938511327,0.7831715210355987,0.8058252427184466,0.8284789644012945,0.8511326860841424,0.8576051779935275,0.8705501618122977,0.8802588996763754,0.8867313915857605
dynamic,5,10,100,"tensor(20.5858, device='cuda:0')",0.3042071197411003,0.39158576051779936,0.49514563106796117,0.5889967637540453,0.6828478964401294,0.7734627831715211,0.8187702265372169,0.8478964401294499,0.8673139158576052,0.8932038834951457,0.8996763754045307,0.912621359223301,0.9255663430420712
total,1,6,20,"tensor(26.1683, device='cuda:0')",0.5016181229773463,0.598705501618123,0.6634304207119741,0.6893203883495146,0.7249190938511327
dynamic,5,10,150,"tensor(20.5858, device='cuda:0')",0.3042071197411003,0.39158576051779936,0.49514563106796117,0.5889967637540453,0.6828478964401294,0.7734627831715211,0.8187702265372169,0.8478964401294499,0.8673139158576052,0.8932038834951457,0.8996763754045307,0.912621359223301,0.9255663430420712
total,1,6,1,"tensor(26.1683, device='cuda:0')",0.4401294498381877
total,1,6,30,"tensor(26.1683, device='cuda:0')",0.5372168284789643,0.6343042071197411,0.6990291262135923,0.7313915857605178,0.7702265372168284,0.7831715210355987
total,1,6,2,"tensor(26.1683, device='cuda:0')",0.43042071197411,0.5145631067961165
total,1,6,5,"tensor(26.1683, device='cuda:0')",0.44336569579288027,0.5210355987055016,0.5857605177993528
total,1,6,10,"tensor(26.1683, device='cuda:0')",0.47572815533980584,0.5566343042071198,0.6084142394822006,0.6504854368932039
total,5,10,100,"tensor(20.5858, device='cuda:0')",0.5760517799352751,0.686084142394822,0.7216828478964401,0.7766990291262136,0.8058252427184466,0.8284789644012945,0.8446601941747572,0.8543689320388349,0.8705501618122977,0.8705501618122977,0.8737864077669902,0.8964401294498382,0.9255663430420712
dynamic,5,10,200,"tensor(20.5858, device='cuda:0')",0.3042071197411003,0.39158576051779936,0.49514563106796117,0.5889967637540453,0.6828478964401294,0.7734627831715211,0.8187702265372169,0.8478964401294499,0.8673139158576052,0.8932038834951457,0.8996763754045307,0.912621359223301,0.9255663430420712
dynamic,10,6,1,"tensor(11.9903, device='cuda:0')",0.15857605177993528,0.23300970873786409,0.2977346278317152,0.3883495145631068,0.5469255663430421,0.6537216828478964,0.7346278317152104,0.7896440129449838,0.8349514563106796,0.86084142394822,0.8996763754045307,0.8996763754045307,0.9061488673139159
dynamic,10,6,2,"tensor(11.9903, device='cuda:0')",0.15857605177993528,0.23300970873786409,0.2977346278317152,0.3883495145631068,0.5469255663430421,0.6537216828478964,0.7346278317152104,0.7896440129449838,0.8349514563106796,0.86084142394822,0.8996763754045307,0.8996763754045307,0.9061488673139159
total,10,6,1,"tensor(11.9903, device='cuda:0')",0.15857605177993528
total,10,6,2,"tensor(11.9903, device='cuda:0')",0.2168284789644013,0.23300970873786409
dynamic,10,6,5,"tensor(11.9903, device='cuda:0')",0.15857605177993528,0.23300970873786409,0.2977346278317152,0.3883495145631068,0.5469255663430421,0.6537216828478964,0.7346278317152104,0.7896440129449838,0.8349514563106796,0.86084142394822,0.8996763754045307,0.8996763754045307,0.9061488673139159
total,10,6,5,"tensor(11.9903, device='cuda:0')",0.24271844660194175,0.2815533980582524,0.2977346278317152
dynamic,10,6,10,"tensor(11.9903, device='cuda:0')",0.15857605177993528,0.23300970873786409,0.2977346278317152,0.3883495145631068,0.5469255663430421,0.6537216828478964,0.7346278317152104,0.7896440129449838,0.8349514563106796,0.86084142394822,0.8996763754045307,0.8996763754045307,0.9061488673139159
total,10,6,10,"tensor(11.9903, device='cuda:0')",0.3074433656957929,0.3559870550161812,0.37540453074433655,0.3883495145631068
dynamic,10,6,20,"tensor(11.9903, device='cuda:0')",0.15857605177993528,0.23300970873786409,0.2977346278317152,0.3883495145631068,0.5469255663430421,0.6537216828478964,0.7346278317152104,0.7896440129449838,0.8349514563106796,0.86084142394822,0.8996763754045307,0.8996763754045307,0.9061488673139159
total,10,6,20,"tensor(11.9903, device='cuda:0')",0.4110032362459547,0.47572815533980584,0.5048543689320388,0.5242718446601942,0.5469255663430421
dynamic,1,6,40,"tensor(26.1683, device='cuda:0')",0.4401294498381877,0.5145631067961165,0.5857605177993528,0.6504854368932039,0.7249190938511327,0.7831715210355987,0.8058252427184466,0.8284789644012945,0.8511326860841424,0.8576051779935275,0.8705501618122977,0.8802588996763754,0.8867313915857605
total,1,6,40,"tensor(26.1683, device='cuda:0')",0.5469255663430421,0.6504854368932039,0.7152103559870551,0.7475728155339806,0.7766990291262136,0.7896440129449838,0.8058252427184466
dynamic,1,6,50,"tensor(26.1683, device='cuda:0')",0.4401294498381877,0.5145631067961165,0.5857605177993528,0.6504854368932039,0.7249190938511327,0.7831715210355987,0.8058252427184466,0.8284789644012945,0.8511326860841424,0.8576051779935275,0.8705501618122977,0.8802588996763754,0.8867313915857605
dynamic,1,6,60,"tensor(26.1683, device='cuda:0')",0.4401294498381877,0.5145631067961165,0.5857605177993528,0.6504854368932039,0.7249190938511327,0.7831715210355987,0.8058252427184466,0.8284789644012945,0.8511326860841424,0.8576051779935275,0.8705501618122977,0.8802588996763754,0.8867313915857605
dynamic,1,6,80,"tensor(26.1683, device='cuda:0')",0.4401294498381877,0.5145631067961165,0.5857605177993528,0.6504854368932039,0.7249190938511327,0.7831715210355987,0.8058252427184466,0.8284789644012945,0.8511326860841424,0.8576051779935275,0.8705501618122977,0.8802588996763754,0.8867313915857605
dynamic,1,6,70,"tensor(26.1683, device='cuda:0')",0.4401294498381877,0.5145631067961165,0.5857605177993528,0.6504854368932039,0.7249190938511327,0.7831715210355987,0.8058252427184466,0.8284789644012945,0.8511326860841424,0.8576051779935275,0.8705501618122977,0.8802588996763754,0.8867313915857605
dynamic,1,6,90,"tensor(26.1683, device='cuda:0')",0.4401294498381877,0.5145631067961165,0.5857605177993528,0.6504854368932039,0.7249190938511327,0.7831715210355987,0.8058252427184466,0.8284789644012945,0.8511326860841424,0.8576051779935275,0.8705501618122977,0.8802588996763754,0.8867313915857605
total,1,6,50,"tensor(26.1683, device='cuda:0')",0.5533980582524272,0.656957928802589,0.7249190938511327,0.7540453074433657,0.7831715210355987,0.8025889967637541,0.8155339805825242,0.8284789644012945
total,1,6,60,"tensor(26.1683, device='cuda:0')",0.5533980582524272,0.6601941747572816,0.7249190938511327,0.7572815533980582,0.7864077669902912,0.8058252427184466,0.8187702265372169,0.8317152103559871,0.8511326860841424
total,1,6,70,"tensor(26.1683, device='cuda:0')",0.5533980582524272,0.6601941747572816,0.7249190938511327,0.7572815533980582,0.7831715210355987,0.7993527508090615,0.8187702265372169,0.8284789644012945,0.8381877022653722,0.8576051779935275
total,1,6,80,"tensor(26.1683, device='cuda:0')",0.5501618122977346,0.6601941747572816,0.7281553398058253,0.7605177993527508,0.7831715210355987,0.8025889967637541,0.8187702265372169,0.8284789644012945,0.8414239482200647,0.8511326860841424,0.8705501618122977
total,1,6,90,"tensor(26.1683, device='cuda:0')",0.5501618122977346,0.6601941747572816,0.7281553398058253,0.7605177993527508,0.7864077669902912,0.8058252427184466,0.8187702265372169,0.8317152103559871,0.8381877022653722,0.8543689320388349,0.86084142394822,0.8802588996763754
dynamic,10,6,30,"tensor(11.9903, device='cuda:0')",0.15857605177993528,0.23300970873786409,0.2977346278317152,0.3883495145631068,0.5469255663430421,0.6537216828478964,0.7346278317152104,0.7896440129449838,0.8349514563106796,0.86084142394822,0.8996763754045307,0.8996763754045307,0.9061488673139159
total,10,6,30,"tensor(11.9903, device='cuda:0')",0.46601941747572817,0.5533980582524272,0.5954692556634305,0.6181229773462783,0.6407766990291263,0.6537216828478964
dynamic,10,6,40,"tensor(11.9903, device='cuda:0')",0.15857605177993528,0.23300970873786409,0.2977346278317152,0.3883495145631068,0.5469255663430421,0.6537216828478964,0.7346278317152104,0.7896440129449838,0.8349514563106796,0.86084142394822,0.8996763754045307,0.8996763754045307,0.9061488673139159
dynamic,10,6,50,"tensor(11.9903, device='cuda:0')",0.15857605177993528,0.23300970873786409,0.2977346278317152,0.3883495145631068,0.5469255663430421,0.6537216828478964,0.7346278317152104,0.7896440129449838,0.8349514563106796,0.86084142394822,0.8996763754045307,0.8996763754045307,0.9061488673139159
total,10,6,40,"tensor(11.9903, device='cuda:0')",0.5080906148867314,0.6019417475728155,0.6472491909385113,0.6699029126213593,0.7087378640776699,0.7119741100323624,0.7346278317152104
total,10,6,50,"tensor(11.9903, device='cuda:0')",0.5469255663430421,0.6407766990291263,0.686084142394822,0.7119741100323624,0.7346278317152104,0.7540453074433657,0.7605177993527508,0.7896440129449838
dynamic,10,6,60,"tensor(11.9903, device='cuda:0')",0.15857605177993528,0.23300970873786409,0.2977346278317152,0.3883495145631068,0.5469255663430421,0.6537216828478964,0.7346278317152104,0.7896440129449838,0.8349514563106796,0.86084142394822,0.8996763754045307,0.8996763754045307,0.9061488673139159
total,10,6,60,"tensor(11.9903, device='cuda:0')",0.5663430420711975,0.6731391585760518,0.7152103559870551,0.7443365695792881,0.7605177993527508,0.7928802588996764,0.7993527508090615,0.8025889967637541,0.8349514563106796
dynamic,10,6,70,"tensor(11.9903, device='cuda:0')",0.15857605177993528,0.23300970873786409,0.2977346278317152,0.3883495145631068,0.5469255663430421,0.6537216828478964,0.7346278317152104,0.7896440129449838,0.8349514563106796,0.86084142394822,0.8996763754045307,0.8996763754045307,0.9061488673139159
total,10,6,70,"tensor(11.9903, device='cuda:0')",0.56957928802589,0.6796116504854369,0.7346278317152104,0.7605177993527508,0.7766990291262136,0.7993527508090615,0.8187702265372169,0.8220064724919094,0.8317152103559871,0.86084142394822
dynamic,10,6,80,"tensor(11.9903, device='cuda:0')",0.15857605177993528,0.23300970873786409,0.2977346278317152,0.3883495145631068,0.5469255663430421,0.6537216828478964,0.7346278317152104,0.7896440129449838,0.8349514563106796,0.86084142394822,0.8996763754045307,0.8996763754045307,0.9061488673139159
total,10,6,80,"tensor(11.9903, device='cuda:0')",0.5825242718446602,0.7055016181229773,0.7605177993527508,0.7896440129449838,0.8058252427184466,0.8284789644012945,0.8478964401294499,0.8543689320388349,0.86084142394822,0.8705501618122977,0.8996763754045307
dynamic,1,6,100,"tensor(26.1683, device='cuda:0')",0.4401294498381877,0.5145631067961165,0.5857605177993528,0.6504854368932039,0.7249190938511327,0.7831715210355987,0.8058252427184466,0.8284789644012945,0.8511326860841424,0.8576051779935275,0.8705501618122977,0.8802588996763754,0.8867313915857605
dynamic,10,6,90,"tensor(11.9903, device='cuda:0')",0.15857605177993528,0.23300970873786409,0.2977346278317152,0.3883495145631068,0.5469255663430421,0.6537216828478964,0.7346278317152104,0.7896440129449838,0.8349514563106796,0.86084142394822,0.8996763754045307,0.8996763754045307,0.9061488673139159
dynamic,1,6,150,"tensor(26.1683, device='cuda:0')",0.4401294498381877,0.5145631067961165,0.5857605177993528,0.6504854368932039,0.7249190938511327,0.7831715210355987,0.8058252427184466,0.8284789644012945,0.8511326860841424,0.8576051779935275,0.8705501618122977,0.8802588996763754,0.8867313915857605
total,10,6,90,"tensor(11.9903, device='cuda:0')",0.5792880258899676,0.7055016181229773,0.7605177993527508,0.7864077669902912,0.8058252427184466,0.8252427184466019,0.8317152103559871,0.8511326860841424,0.8543689320388349,0.86084142394822,0.8705501618122977,0.8996763754045307
dynamic,1,6,200,"tensor(26.1683, device='cuda:0')",0.4401294498381877,0.5145631067961165,0.5857605177993528,0.6504854368932039,0.7249190938511327,0.7831715210355987,0.8058252427184466,0.8284789644012945,0.8511326860841424,0.8576051779935275,0.8705501618122977,0.8802588996763754,0.8867313915857605
total,1,6,100,"tensor(26.1683, device='cuda:0')",0.5501618122977346,0.6601941747572816,0.7281553398058253,0.7605177993527508,0.7864077669902912,0.8058252427184466,0.8187702265372169,0.8284789644012945,0.8349514563106796,0.8511326860841424,0.8576051779935275,0.8640776699029126,0.8867313915857605
dynamic,10,6,100,"tensor(11.9903, device='cuda:0')",0.15857605177993528,0.23300970873786409,0.2977346278317152,0.3883495145631068,0.5469255663430421,0.6537216828478964,0.7346278317152104,0.7896440129449838,0.8349514563106796,0.86084142394822,0.8996763754045307,0.8996763754045307,0.9061488673139159
dynamic,10,6,150,"tensor(11.9903, device='cuda:0')",0.15857605177993528,0.23300970873786409,0.2977346278317152,0.3883495145631068,0.5469255663430421,0.6537216828478964,0.7346278317152104,0.7896440129449838,0.8349514563106796,0.86084142394822,0.8996763754045307,0.8996763754045307,0.9061488673139159
dynamic,1,8,1,"tensor(26.2816, device='cuda:0')",0.44336569579288027,0.5275080906148867,0.598705501618123,0.6504854368932039,0.7411003236245954,0.7961165048543689,0.8155339805825242,0.8252427184466019,0.8446601941747572,0.8640776699029126,0.8770226537216829,0.8867313915857605,0.8932038834951457
total,10,6,100,"tensor(11.9903, device='cuda:0')",0.5728155339805825,0.7022653721682848,0.7540453074433657,0.7831715210355987,0.8058252427184466,0.8252427184466019,0.8349514563106796,0.8576051779935275,0.8576051779935275,0.8673139158576052,0.8705501618122977,0.883495145631068,0.9061488673139159
dynamic,1,8,2,"tensor(26.2816, device='cuda:0')",0.44336569579288027,0.5275080906148867,0.598705501618123,0.6504854368932039,0.7411003236245954,0.7961165048543689,0.8155339805825242,0.8252427184466019,0.8446601941747572,0.8640776699029126,0.8770226537216829,0.8867313915857605,0.8932038834951457
dynamic,1,8,5,"tensor(26.2816, device='cuda:0')",0.44336569579288027,0.5275080906148867,0.598705501618123,0.6504854368932039,0.7411003236245954,0.7961165048543689,0.8155339805825242,0.8252427184466019,0.8446601941747572,0.8640776699029126,0.8770226537216829,0.8867313915857605,0.8932038834951457
total,1,8,1,"tensor(26.2816, device='cuda:0')",0.44336569579288027
total,1,8,2,"tensor(26.2816, device='cuda:0')",0.44336569579288027,0.5275080906148867
total,1,8,5,"tensor(26.2816, device='cuda:0')",0.45307443365695793,0.5436893203883495,0.598705501618123
dynamic,10,6,200,"tensor(11.9903, device='cuda:0')",0.15857605177993528,0.23300970873786409,0.2977346278317152,0.3883495145631068,0.5469255663430421,0.6537216828478964,0.7346278317152104,0.7896440129449838,0.8349514563106796,0.86084142394822,0.8996763754045307,0.8996763754045307,0.9061488673139159
dynamic,10,8,1,"tensor(11.6731, device='cuda:0')",0.15210355987055016,0.22653721682847897,0.2912621359223301,0.3948220064724919,0.5307443365695793,0.6537216828478964,0.7378640776699029,0.8058252427184466,0.8640776699029126,0.8770226537216829,0.8996763754045307,0.9061488673139159,0.912621359223301
total,10,8,1,"tensor(11.6731, device='cuda:0')",0.15210355987055016
dynamic,10,8,2,"tensor(11.6731, device='cuda:0')",0.15210355987055016,0.22653721682847897,0.2912621359223301,0.3948220064724919,0.5307443365695793,0.6537216828478964,0.7378640776699029,0.8058252427184466,0.8640776699029126,0.8770226537216829,0.8996763754045307,0.9061488673139159,0.912621359223301
total,10,8,2,"tensor(11.6731, device='cuda:0')",0.20064724919093851,0.22653721682847897
dynamic,10,8,5,"tensor(11.6731, device='cuda:0')",0.15210355987055016,0.22653721682847897,0.2912621359223301,0.3948220064724919,0.5307443365695793,0.6537216828478964,0.7378640776699029,0.8058252427184466,0.8640776699029126,0.8770226537216829,0.8996763754045307,0.9061488673139159,0.912621359223301
total,10,8,5,"tensor(11.6731, device='cuda:0')",0.23624595469255663,0.2783171521035599,0.2912621359223301
dynamic,1,8,10,"tensor(26.2816, device='cuda:0')",0.44336569579288027,0.5275080906148867,0.598705501618123,0.6504854368932039,0.7411003236245954,0.7961165048543689,0.8155339805825242,0.8252427184466019,0.8446601941747572,0.8640776699029126,0.8770226537216829,0.8867313915857605,0.8932038834951457
total,1,8,10,"tensor(26.2816, device='cuda:0')",0.46601941747572817,0.5598705501618123,0.6148867313915858,0.6504854368932039
dynamic,1,8,20,"tensor(26.2816, device='cuda:0')",0.44336569579288027,0.5275080906148867,0.598705501618123,0.6504854368932039,0.7411003236245954,0.7961165048543689,0.8155339805825242,0.8252427184466019,0.8446601941747572,0.8640776699029126,0.8770226537216829,0.8867313915857605,0.8932038834951457
dynamic,1,8,30,"tensor(26.2816, device='cuda:0')",0.44336569579288027,0.5275080906148867,0.598705501618123,0.6504854368932039,0.7411003236245954,0.7961165048543689,0.8155339805825242,0.8252427184466019,0.8446601941747572,0.8640776699029126,0.8770226537216829,0.8867313915857605,0.8932038834951457
dynamic,10,8,10,"tensor(11.6731, device='cuda:0')",0.15210355987055016,0.22653721682847897,0.2912621359223301,0.3948220064724919,0.5307443365695793,0.6537216828478964,0.7378640776699029,0.8058252427184466,0.8640776699029126,0.8770226537216829,0.8996763754045307,0.9061488673139159,0.912621359223301
total,1,8,20,"tensor(26.2816, device='cuda:0')",0.5080906148867314,0.6116504854368932,0.6796116504854369,0.7087378640776699,0.7411003236245954
dynamic,10,8,20,"tensor(11.6731, device='cuda:0')",0.15210355987055016,0.22653721682847897,0.2912621359223301,0.3948220064724919,0.5307443365695793,0.6537216828478964,0.7378640776699029,0.8058252427184466,0.8640776699029126,0.8770226537216829,0.8996763754045307,0.9061488673139159,0.912621359223301
total,1,8,30,"tensor(26.2816, device='cuda:0')",0.5436893203883495,0.6504854368932039,0.7184466019417476,0.7475728155339806,0.7831715210355987,0.7961165048543689
total,10,8,10,"tensor(11.6731, device='cuda:0')",0.30097087378640774,0.35275080906148865,0.37540453074433655,0.3948220064724919
total,10,8,20,"tensor(11.6731, device='cuda:0')",0.3786407766990291,0.44660194174757284,0.48220064724919093,0.5048543689320388,0.5307443365695793
dynamic,10,8,30,"tensor(11.6731, device='cuda:0')",0.15210355987055016,0.22653721682847897,0.2912621359223301,0.3948220064724919,0.5307443365695793,0.6537216828478964,0.7378640776699029,0.8058252427184466,0.8640776699029126,0.8770226537216829,0.8996763754045307,0.9061488673139159,0.912621359223301
total,10,8,30,"tensor(11.6731, device='cuda:0')",0.44660194174757284,0.5242718446601942,0.5598705501618123,0.6051779935275081,0.627831715210356,0.6537216828478964
dynamic,1,8,40,"tensor(26.2816, device='cuda:0')",0.44336569579288027,0.5275080906148867,0.598705501618123,0.6504854368932039,0.7411003236245954,0.7961165048543689,0.8155339805825242,0.8252427184466019,0.8446601941747572,0.8640776699029126,0.8770226537216829,0.8867313915857605,0.8932038834951457
dynamic,1,8,50,"tensor(26.2816, device='cuda:0')",0.44336569579288027,0.5275080906148867,0.598705501618123,0.6504854368932039,0.7411003236245954,0.7961165048543689,0.8155339805825242,0.8252427184466019,0.8446601941747572,0.8640776699029126,0.8770226537216829,0.8867313915857605,0.8932038834951457
dynamic,1,8,60,"tensor(26.2816, device='cuda:0')",0.44336569579288027,0.5275080906148867,0.598705501618123,0.6504854368932039,0.7411003236245954,0.7961165048543689,0.8155339805825242,0.8252427184466019,0.8446601941747572,0.8640776699029126,0.8770226537216829,0.8867313915857605,0.8932038834951457
total,1,8,40,"tensor(26.2816, device='cuda:0')",0.5469255663430421,0.656957928802589,0.7281553398058253,0.7540453074433657,0.7831715210355987,0.8025889967637541,0.8155339805825242
total,1,8,50,"tensor(26.2816, device='cuda:0')",0.5501618122977346,0.6601941747572816,0.7281553398058253,0.7540453074433657,0.7896440129449838,0.8025889967637541,0.8155339805825242,0.8252427184466019
total,1,8,60,"tensor(26.2816, device='cuda:0')",0.5501618122977346,0.6601941747572816,0.7281553398058253,0.7540453074433657,0.7896440129449838,0.8058252427184466,0.8155339805825242,0.8252427184466019,0.8446601941747572
dynamic,10,8,40,"tensor(11.6731, device='cuda:0')",0.15210355987055016,0.22653721682847897,0.2912621359223301,0.3948220064724919,0.5307443365695793,0.6537216828478964,0.7378640776699029,0.8058252427184466,0.8640776699029126,0.8770226537216829,0.8996763754045307,0.9061488673139159,0.912621359223301
total,10,8,40,"tensor(11.6731, device='cuda:0')",0.4919093851132686,0.5760517799352751,0.6148867313915858,0.6537216828478964,0.686084142394822,0.6990291262135923,0.7378640776699029
dynamic,10,8,50,"tensor(11.6731, device='cuda:0')",0.15210355987055016,0.22653721682847897,0.2912621359223301,0.3948220064724919,0.5307443365695793,0.6537216828478964,0.7378640776699029,0.8058252427184466,0.8640776699029126,0.8770226537216829,0.8996763754045307,0.9061488673139159,0.912621359223301
total,10,8,50,"tensor(11.6731, device='cuda:0')",0.5339805825242718,0.6245954692556634,0.6601941747572816,0.6990291262135923,0.7378640776699029,0.7572815533980582,0.7637540453074434,0.8058252427184466
dynamic,10,8,60,"tensor(11.6731, device='cuda:0')",0.15210355987055016,0.22653721682847897,0.2912621359223301,0.3948220064724919,0.5307443365695793,0.6537216828478964,0.7378640776699029,0.8058252427184466,0.8640776699029126,0.8770226537216829,0.8996763754045307,0.9061488673139159,0.912621359223301
total,10,8,60,"tensor(11.6731, device='cuda:0')",0.5663430420711975,0.6634304207119741,0.7119741100323624,0.7540453074433657,0.7896440129449838,0.8090614886731392,0.8155339805825242,0.8220064724919094,0.8640776699029126
dynamic,1,8,70,"tensor(26.2816, device='cuda:0')",0.44336569579288027,0.5275080906148867,0.598705501618123,0.6504854368932039,0.7411003236245954,0.7961165048543689,0.8155339805825242,0.8252427184466019,0.8446601941747572,0.8640776699029126,0.8770226537216829,0.8867313915857605,0.8932038834951457
dynamic,10,8,70,"tensor(11.6731, device='cuda:0')",0.15210355987055016,0.22653721682847897,0.2912621359223301,0.3948220064724919,0.5307443365695793,0.6537216828478964,0.7378640776699029,0.8058252427184466,0.8640776699029126,0.8770226537216829,0.8996763754045307,0.9061488673139159,0.912621359223301
total,1,8,70,"tensor(26.2816, device='cuda:0')",0.5533980582524272,0.6634304207119741,0.7281553398058253,0.7572815533980582,0.7864077669902912,0.7993527508090615,0.8220064724919094,0.8317152103559871,0.8414239482200647,0.8640776699029126
dynamic,10,8,80,"tensor(11.6731, device='cuda:0')",0.15210355987055016,0.22653721682847897,0.2912621359223301,0.3948220064724919,0.5307443365695793,0.6537216828478964,0.7378640776699029,0.8058252427184466,0.8640776699029126,0.8770226537216829,0.8996763754045307,0.9061488673139159,0.912621359223301
total,10,8,70,"tensor(11.6731, device='cuda:0')",0.5598705501618123,0.6699029126213593,0.7216828478964401,0.7637540453074434,0.7928802588996764,0.8090614886731392,0.8252427184466019,0.8284789644012945,0.8446601941747572,0.8770226537216829
dynamic,1,8,90,"tensor(26.2816, device='cuda:0')",0.44336569579288027,0.5275080906148867,0.598705501618123,0.6504854368932039,0.7411003236245954,0.7961165048543689,0.8155339805825242,0.8252427184466019,0.8446601941747572,0.8640776699029126,0.8770226537216829,0.8867313915857605,0.8932038834951457
dynamic,1,8,80,"tensor(26.2816, device='cuda:0')",0.44336569579288027,0.5275080906148867,0.598705501618123,0.6504854368932039,0.7411003236245954,0.7961165048543689,0.8155339805825242,0.8252427184466019,0.8446601941747572,0.8640776699029126,0.8770226537216829,0.8867313915857605,0.8932038834951457
total,10,8,80,"tensor(11.6731, device='cuda:0')",0.5760517799352751,0.6796116504854369,0.7411003236245954,0.7864077669902912,0.8155339805825242,0.8317152103559871,0.8446601941747572,0.8511326860841424,0.8543689320388349,0.8737864077669902,0.8996763754045307
dynamic,10,8,90,"tensor(11.6731, device='cuda:0')",0.15210355987055016,0.22653721682847897,0.2912621359223301,0.3948220064724919,0.5307443365695793,0.6537216828478964,0.7378640776699029,0.8058252427184466,0.8640776699029126,0.8770226537216829,0.8996763754045307,0.9061488673139159,0.912621359223301
total,1,8,90,"tensor(26.2816, device='cuda:0')",0.5501618122977346,0.6634304207119741,0.7313915857605178,0.7605177993527508,0.7896440129449838,0.8058252427184466,0.8220064724919094,0.8381877022653722,0.8446601941747572,0.8576051779935275,0.8640776699029126,0.8867313915857605
total,1,8,80,"tensor(26.2816, device='cuda:0')",0.5533980582524272,0.6634304207119741,0.7313915857605178,0.7605177993527508,0.7896440129449838,0.8025889967637541,0.8252427184466019,0.8317152103559871,0.8478964401294499,0.8543689320388349,0.8770226537216829
total,10,8,90,"tensor(11.6731, device='cuda:0')",0.5825242718446602,0.6828478964401294,0.7475728155339806,0.7896440129449838,0.8220064724919094,0.8317152103559871,0.8381877022653722,0.8511326860841424,0.8576051779935275,0.8640776699029126,0.883495145631068,0.9061488673139159
dynamic,1,8,100,"tensor(26.2816, device='cuda:0')",0.44336569579288027,0.5275080906148867,0.598705501618123,0.6504854368932039,0.7411003236245954,0.7961165048543689,0.8155339805825242,0.8252427184466019,0.8446601941747572,0.8640776699029126,0.8770226537216829,0.8867313915857605,0.8932038834951457
dynamic,10,8,100,"tensor(11.6731, device='cuda:0')",0.15210355987055016,0.22653721682847897,0.2912621359223301,0.3948220064724919,0.5307443365695793,0.6537216828478964,0.7378640776699029,0.8058252427184466,0.8640776699029126,0.8770226537216829,0.8996763754045307,0.9061488673139159,0.912621359223301
dynamic,1,8,200,"tensor(26.2816, device='cuda:0')",0.44336569579288027,0.5275080906148867,0.598705501618123,0.6504854368932039,0.7411003236245954,0.7961165048543689,0.8155339805825242,0.8252427184466019,0.8446601941747572,0.8640776699029126,0.8770226537216829,0.8867313915857605,0.8932038834951457
dynamic,1,8,150,"tensor(26.2816, device='cuda:0')",0.44336569579288027,0.5275080906148867,0.598705501618123,0.6504854368932039,0.7411003236245954,0.7961165048543689,0.8155339805825242,0.8252427184466019,0.8446601941747572,0.8640776699029126,0.8770226537216829,0.8867313915857605,0.8932038834951457
dynamic,10,8,150,"tensor(11.6731, device='cuda:0')",0.15210355987055016,0.22653721682847897,0.2912621359223301,0.3948220064724919,0.5307443365695793,0.6537216828478964,0.7378640776699029,0.8058252427184466,0.8640776699029126,0.8770226537216829,0.8996763754045307,0.9061488673139159,0.912621359223301
total,1,8,100,"tensor(26.2816, device='cuda:0')",0.5469255663430421,0.6634304207119741,0.7313915857605178,0.7572815533980582,0.7864077669902912,0.8058252427184466,0.8187702265372169,0.8317152103559871,0.8381877022653722,0.8543689320388349,0.8640776699029126,0.8673139158576052,0.8932038834951457
total,10,8,100,"tensor(11.6731, device='cuda:0')",0.5825242718446602,0.6731391585760518,0.7475728155339806,0.7864077669902912,0.8155339805825242,0.8317152103559871,0.8414239482200647,0.8543689320388349,0.8640776699029126,0.8640776699029126,0.8770226537216829,0.889967637540453,0.912621359223301
dynamic,10,8,200,"tensor(11.6731, device='cuda:0')",0.15210355987055016,0.22653721682847897,0.2912621359223301,0.3948220064724919,0.5307443365695793,0.6537216828478964,0.7378640776699029,0.8058252427184466,0.8640776699029126,0.8770226537216829,0.8996763754045307,0.9061488673139159,0.912621359223301
dynamic,1,10,1,"tensor(27.8835, device='cuda:0')",0.459546925566343,0.5663430420711975,0.6440129449838188,0.7087378640776699,0.7702265372168284,0.8025889967637541,0.8187702265372169,0.8252427184466019,0.8414239482200647,0.8511326860841424,0.8673139158576052,0.8770226537216829,0.8802588996763754
dynamic,10,10,1,"tensor(13.4531, device='cuda:0')",0.1779935275080906,0.22653721682847897,0.3268608414239482,0.39158576051779936,0.5598705501618123,0.656957928802589,0.7411003236245954,0.8220064724919094,0.8737864077669902,0.9061488673139159,0.9158576051779935,0.9223300970873787,0.9223300970873787
total,1,10,1,"tensor(27.8835, device='cuda:0')",0.459546925566343
dynamic,10,10,2,"tensor(13.4531, device='cuda:0')",0.1779935275080906,0.22653721682847897,0.3268608414239482,0.39158576051779936,0.5598705501618123,0.656957928802589,0.7411003236245954,0.8220064724919094,0.8737864077669902,0.9061488673139159,0.9158576051779935,0.9223300970873787,0.9223300970873787
total,10,10,1,"tensor(13.4531, device='cuda:0')",0.1779935275080906
total,10,10,2,"tensor(13.4531, device='cuda:0')",0.20064724919093851,0.22653721682847897
dynamic,10,10,5,"tensor(13.4531, device='cuda:0')",0.1779935275080906,0.22653721682847897,0.3268608414239482,0.39158576051779936,0.5598705501618123,0.656957928802589,0.7411003236245954,0.8220064724919094,0.8737864077669902,0.9061488673139159,0.9158576051779935,0.9223300970873787,0.9223300970873787
dynamic,1,10,2,"tensor(27.8835, device='cuda:0')",0.459546925566343,0.5663430420711975,0.6440129449838188,0.7087378640776699,0.7702265372168284,0.8025889967637541,0.8187702265372169,0.8252427184466019,0.8414239482200647,0.8511326860841424,0.8673139158576052,0.8770226537216829,0.8802588996763754
dynamic,1,10,5,"tensor(27.8835, device='cuda:0')",0.459546925566343,0.5663430420711975,0.6440129449838188,0.7087378640776699,0.7702265372168284,0.8025889967637541,0.8187702265372169,0.8252427184466019,0.8414239482200647,0.8511326860841424,0.8673139158576052,0.8770226537216829,0.8802588996763754
total,1,10,2,"tensor(27.8835, device='cuda:0')",0.4854368932038835,0.5663430420711975
total,1,10,5,"tensor(27.8835, device='cuda:0')",0.49514563106796117,0.5760517799352751,0.6440129449838188
dynamic,10,10,10,"tensor(13.4531, device='cuda:0')",0.1779935275080906,0.22653721682847897,0.3268608414239482,0.39158576051779936,0.5598705501618123,0.656957928802589,0.7411003236245954,0.8220064724919094,0.8737864077669902,0.9061488673139159,0.9158576051779935,0.9223300970873787,0.9223300970873787
total,10,10,10,"tensor(13.4531, device='cuda:0')",0.3106796116504854,0.3559870550161812,0.37540453074433655,0.39158576051779936
dynamic,10,10,20,"tensor(13.4531, device='cuda:0')",0.1779935275080906,0.22653721682847897,0.3268608414239482,0.39158576051779936,0.5598705501618123,0.656957928802589,0.7411003236245954,0.8220064724919094,0.8737864077669902,0.9061488673139159,0.9158576051779935,0.9223300970873787,0.9223300970873787
dynamic,1,10,10,"tensor(27.8835, device='cuda:0')",0.459546925566343,0.5663430420711975,0.6440129449838188,0.7087378640776699,0.7702265372168284,0.8025889967637541,0.8187702265372169,0.8252427184466019,0.8414239482200647,0.8511326860841424,0.8673139158576052,0.8770226537216829,0.8802588996763754
total,10,10,20,"tensor(13.4531, device='cuda:0')",0.4110032362459547,0.47249190938511326,0.511326860841424,0.5307443365695793,0.5598705501618123
dynamic,1,10,20,"tensor(27.8835, device='cuda:0')",0.459546925566343,0.5663430420711975,0.6440129449838188,0.7087378640776699,0.7702265372168284,0.8025889967637541,0.8187702265372169,0.8252427184466019,0.8414239482200647,0.8511326860841424,0.8673139158576052,0.8770226537216829,0.8802588996763754
total,1,10,10,"tensor(27.8835, device='cuda:0')",0.5210355987055016,0.6019417475728155,0.6634304207119741,0.7087378640776699
total,1,10,20,"tensor(27.8835, device='cuda:0')",0.5436893203883495,0.6343042071197411,0.7022653721682848,0.7346278317152104,0.7702265372168284
dynamic,1,10,30,"tensor(27.8835, device='cuda:0')",0.459546925566343,0.5663430420711975,0.6440129449838188,0.7087378640776699,0.7702265372168284,0.8025889967637541,0.8187702265372169,0.8252427184466019,0.8414239482200647,0.8511326860841424,0.8673139158576052,0.8770226537216829,0.8802588996763754
total,1,10,30,"tensor(27.8835, device='cuda:0')",0.5501618122977346,0.6504854368932039,0.7152103559870551,0.7540453074433657,0.7896440129449838,0.8025889967637541
dynamic,10,10,30,"tensor(13.4531, device='cuda:0')",0.1779935275080906,0.22653721682847897,0.3268608414239482,0.39158576051779936,0.5598705501618123,0.656957928802589,0.7411003236245954,0.8220064724919094,0.8737864077669902,0.9061488673139159,0.9158576051779935,0.9223300970873787,0.9223300970873787
total,10,10,30,"tensor(13.4531, device='cuda:0')",0.46601941747572817,0.540453074433657,0.5857605177993528,0.6051779935275081,0.6375404530744336,0.656957928802589
dynamic,1,10,40,"tensor(27.8835, device='cuda:0')",0.459546925566343,0.5663430420711975,0.6440129449838188,0.7087378640776699,0.7702265372168284,0.8025889967637541,0.8187702265372169,0.8252427184466019,0.8414239482200647,0.8511326860841424,0.8673139158576052,0.8770226537216829,0.8802588996763754
dynamic,10,10,40,"tensor(13.4531, device='cuda:0')",0.1779935275080906,0.22653721682847897,0.3268608414239482,0.39158576051779936,0.5598705501618123,0.656957928802589,0.7411003236245954,0.8220064724919094,0.8737864077669902,0.9061488673139159,0.9158576051779935,0.9223300970873787,0.9223300970873787
total,1,10,40,"tensor(27.8835, device='cuda:0')",0.5501618122977346,0.656957928802589,0.7216828478964401,0.7605177993527508,0.7864077669902912,0.8058252427184466,0.8187702265372169
total,10,10,40,"tensor(13.4531, device='cuda:0')",0.5145631067961165,0.5889967637540453,0.6407766990291263,0.6731391585760518,0.7055016181229773,0.7216828478964401,0.7411003236245954
dynamic,10,10,50,"tensor(13.4531, device='cuda:0')",0.1779935275080906,0.22653721682847897,0.3268608414239482,0.39158576051779936,0.5598705501618123,0.656957928802589,0.7411003236245954,0.8220064724919094,0.8737864077669902,0.9061488673139159,0.9158576051779935,0.9223300970873787,0.9223300970873787
total,10,10,50,"tensor(13.4531, device='cuda:0')",0.5533980582524272,0.6343042071197411,0.6957928802588996,0.7313915857605178,0.7637540453074434,0.7864077669902912,0.7993527508090615,0.8220064724919094
dynamic,10,10,60,"tensor(13.4531, device='cuda:0')",0.1779935275080906,0.22653721682847897,0.3268608414239482,0.39158576051779936,0.5598705501618123,0.656957928802589,0.7411003236245954,0.8220064724919094,0.8737864077669902,0.9061488673139159,0.9158576051779935,0.9223300970873787,0.9223300970873787
total,10,10,60,"tensor(13.4531, device='cuda:0')",0.5760517799352751,0.6634304207119741,0.7216828478964401,0.7572815533980582,0.7896440129449838,0.8155339805825242,0.8284789644012945,0.8414239482200647,0.8737864077669902
dynamic,1,10,50,"tensor(27.8835, device='cuda:0')",0.459546925566343,0.5663430420711975,0.6440129449838188,0.7087378640776699,0.7702265372168284,0.8025889967637541,0.8187702265372169,0.8252427184466019,0.8414239482200647,0.8511326860841424,0.8673139158576052,0.8770226537216829,0.8802588996763754
dynamic,1,10,60,"tensor(27.8835, device='cuda:0')",0.459546925566343,0.5663430420711975,0.6440129449838188,0.7087378640776699,0.7702265372168284,0.8025889967637541,0.8187702265372169,0.8252427184466019,0.8414239482200647,0.8511326860841424,0.8673139158576052,0.8770226537216829,0.8802588996763754
total,1,10,50,"tensor(27.8835, device='cuda:0')",0.5501618122977346,0.656957928802589,0.7216828478964401,0.7572815533980582,0.7831715210355987,0.8090614886731392,0.8155339805825242,0.8252427184466019
total,1,10,60,"tensor(27.8835, device='cuda:0')",0.5501618122977346,0.656957928802589,0.7216828478964401,0.7572815533980582,0.7831715210355987,0.8058252427184466,0.8187702265372169,0.8284789644012945,0.8414239482200647
dynamic,10,10,70,"tensor(13.4531, device='cuda:0')",0.1779935275080906,0.22653721682847897,0.3268608414239482,0.39158576051779936,0.5598705501618123,0.656957928802589,0.7411003236245954,0.8220064724919094,0.8737864077669902,0.9061488673139159,0.9158576051779935,0.9223300970873787,0.9223300970873787
dynamic,10,10,80,"tensor(13.4531, device='cuda:0')",0.1779935275080906,0.22653721682847897,0.3268608414239482,0.39158576051779936,0.5598705501618123,0.656957928802589,0.7411003236245954,0.8220064724919094,0.8737864077669902,0.9061488673139159,0.9158576051779935,0.9223300970873787,0.9223300970873787
total,10,10,70,"tensor(13.4531, device='cuda:0')",0.5922330097087378,0.6699029126213593,0.7378640776699029,0.7799352750809061,0.8058252427184466,0.8284789644012945,0.8446601941747572,0.86084142394822,0.8705501618122977,0.9061488673139159
dynamic,1,10,70,"tensor(27.8835, device='cuda:0')",0.459546925566343,0.5663430420711975,0.6440129449838188,0.7087378640776699,0.7702265372168284,0.8025889967637541,0.8187702265372169,0.8252427184466019,0.8414239482200647,0.8511326860841424,0.8673139158576052,0.8770226537216829,0.8802588996763754
total,10,10,80,"tensor(13.4531, device='cuda:0')",0.5922330097087378,0.6731391585760518,0.7475728155339806,0.7864077669902912,0.8122977346278317,0.8349514563106796,0.8511326860841424,0.8640776699029126,0.8737864077669902,0.8802588996763754,0.9158576051779935
dynamic,1,10,80,"tensor(27.8835, device='cuda:0')",0.459546925566343,0.5663430420711975,0.6440129449838188,0.7087378640776699,0.7702265372168284,0.8025889967637541,0.8187702265372169,0.8252427184466019,0.8414239482200647,0.8511326860841424,0.8673139158576052,0.8770226537216829,0.8802588996763754
dynamic,10,10,90,"tensor(13.4531, device='cuda:0')",0.1779935275080906,0.22653721682847897,0.3268608414239482,0.39158576051779936,0.5598705501618123,0.656957928802589,0.7411003236245954,0.8220064724919094,0.8737864077669902,0.9061488673139159,0.9158576051779935,0.9223300970873787,0.9223300970873787
total,1,10,70,"tensor(27.8835, device='cuda:0')",0.5501618122977346,0.656957928802589,0.7216828478964401,0.7540453074433657,0.7799352750809061,0.7993527508090615,0.8155339805825242,0.8220064724919094,0.8349514563106796,0.8511326860841424
dynamic,1,10,90,"tensor(27.8835, device='cuda:0')",0.459546925566343,0.5663430420711975,0.6440129449838188,0.7087378640776699,0.7702265372168284,0.8025889967637541,0.8187702265372169,0.8252427184466019,0.8414239482200647,0.8511326860841424,0.8673139158576052,0.8770226537216829,0.8802588996763754
total,1,10,80,"tensor(27.8835, device='cuda:0')",0.5501618122977346,0.656957928802589,0.7249190938511327,0.7540453074433657,0.7799352750809061,0.8025889967637541,0.8220064724919094,0.8284789644012945,0.8414239482200647,0.8511326860841424,0.8673139158576052
total,10,10,90,"tensor(13.4531, device='cuda:0')",0.5922330097087378,0.6763754045307443,0.7508090614886731,0.7864077669902912,0.8122977346278317,0.8349514563106796,0.8478964401294499,0.8576051779935275,0.8737864077669902,0.883495145631068,0.8932038834951457,0.9223300970873787
total,1,10,90,"tensor(27.8835, device='cuda:0')",0.5501618122977346,0.656957928802589,0.7249190938511327,0.7540453074433657,0.7799352750809061,0.8025889967637541,0.8187702265372169,0.8317152103559871,0.8381877022653722,0.8543689320388349,0.86084142394822,0.8770226537216829
dynamic,1,10,100,"tensor(27.8835, device='cuda:0')",0.459546925566343,0.5663430420711975,0.6440129449838188,0.7087378640776699,0.7702265372168284,0.8025889967637541,0.8187702265372169,0.8252427184466019,0.8414239482200647,0.8511326860841424,0.8673139158576052,0.8770226537216829,0.8802588996763754
dynamic,10,10,100,"tensor(13.4531, device='cuda:0')",0.1779935275080906,0.22653721682847897,0.3268608414239482,0.39158576051779936,0.5598705501618123,0.656957928802589,0.7411003236245954,0.8220064724919094,0.8737864077669902,0.9061488673139159,0.9158576051779935,0.9223300970873787,0.9223300970873787
total,1,10,100,"tensor(27.8835, device='cuda:0')",0.5501618122977346,0.656957928802589,0.7249190938511327,0.7540453074433657,0.7799352750809061,0.8025889967637541,0.8187702265372169,0.8317152103559871,0.8349514563106796,0.8511326860841424,0.8576051779935275,0.86084142394822,0.8802588996763754
dynamic,10,10,150,"tensor(13.4531, device='cuda:0')",0.1779935275080906,0.22653721682847897,0.3268608414239482,0.39158576051779936,0.5598705501618123,0.656957928802589,0.7411003236245954,0.8220064724919094,0.8737864077669902,0.9061488673139159,0.9158576051779935,0.9223300970873787,0.9223300970873787
total,10,10,100,"tensor(13.4531, device='cuda:0')",0.5922330097087378,0.6763754045307443,0.7508090614886731,0.7864077669902912,0.8090614886731392,0.8317152103559871,0.8446601941747572,0.8576051779935275,0.8673139158576052,0.8770226537216829,0.8867313915857605,0.9029126213592233,0.9223300970873787
dynamic,10,10,200,"tensor(13.4531, device='cuda:0')",0.1779935275080906,0.22653721682847897,0.3268608414239482,0.39158576051779936,0.5598705501618123,0.656957928802589,0.7411003236245954,0.8220064724919094,0.8737864077669902,0.9061488673139159,0.9158576051779935,0.9223300970873787,0.9223300970873787
dynamic,1,10,150,"tensor(27.8835, device='cuda:0')",0.459546925566343,0.5663430420711975,0.6440129449838188,0.7087378640776699,0.7702265372168284,0.8025889967637541,0.8187702265372169,0.8252427184466019,0.8414239482200647,0.8511326860841424,0.8673139158576052,0.8770226537216829,0.8802588996763754
dynamic,1,10,200,"tensor(27.8835, device='cuda:0')",0.459546925566343,0.5663430420711975,0.6440129449838188,0.7087378640776699,0.7702265372168284,0.8025889967637541,0.8187702265372169,0.8252427184466019,0.8414239482200647,0.8511326860841424,0.8673139158576052,0.8770226537216829,0.8802588996763754
dynamic,20,6,1,"tensor(11.5340, device='cuda:0')",0.1488673139158576,0.20711974110032363,0.2783171521035599,0.36245954692556637,0.5210355987055016,0.6343042071197411,0.7055016181229773,0.7669902912621359,0.8122977346278317,0.8446601941747572,0.8802588996763754,0.889967637540453,0.9061488673139159
total,20,6,1,"tensor(11.5340, device='cuda:0')",0.1488673139158576
dynamic,20,6,2,"tensor(11.5340, device='cuda:0')",0.1488673139158576,0.20711974110032363,0.2783171521035599,0.36245954692556637,0.5210355987055016,0.6343042071197411,0.7055016181229773,0.7669902912621359,0.8122977346278317,0.8446601941747572,0.8802588996763754,0.889967637540453,0.9061488673139159
dynamic,20,6,5,"tensor(11.5340, device='cuda:0')",0.1488673139158576,0.20711974110032363,0.2783171521035599,0.36245954692556637,0.5210355987055016,0.6343042071197411,0.7055016181229773,0.7669902912621359,0.8122977346278317,0.8446601941747572,0.8802588996763754,0.889967637540453,0.9061488673139159
total,20,6,2,"tensor(11.5340, device='cuda:0')",0.18770226537216828,0.20711974110032363
dynamic,5,6,1,"tensor(20.7670, device='cuda:0')",0.3300970873786408,0.40129449838187703,0.4919093851132686,0.5760517799352751,0.7087378640776699,0.7766990291262136,0.8252427184466019,0.86084142394822,0.883495145631068,0.889967637540453,0.8932038834951457,0.8964401294498382,0.9029126213592233
total,5,6,1,"tensor(20.7670, device='cuda:0')",0.3300970873786408
dynamic,5,6,2,"tensor(20.7670, device='cuda:0')",0.3300970873786408,0.40129449838187703,0.4919093851132686,0.5760517799352751,0.7087378640776699,0.7766990291262136,0.8252427184466019,0.86084142394822,0.883495145631068,0.889967637540453,0.8932038834951457,0.8964401294498382,0.9029126213592233
dynamic,5,6,5,"tensor(20.7670, device='cuda:0')",0.3300970873786408,0.40129449838187703,0.4919093851132686,0.5760517799352751,0.7087378640776699,0.7766990291262136,0.8252427184466019,0.86084142394822,0.883495145631068,0.889967637540453,0.8932038834951457,0.8964401294498382,0.9029126213592233
total,5,6,2,"tensor(20.7670, device='cuda:0')",0.35275080906148865,0.40129449838187703
total,5,6,5,"tensor(20.7670, device='cuda:0')",0.37216828478964403,0.43042071197411,0.4919093851132686
dynamic,5,6,10,"tensor(20.7670, device='cuda:0')",0.3300970873786408,0.40129449838187703,0.4919093851132686,0.5760517799352751,0.7087378640776699,0.7766990291262136,0.8252427184466019,0.86084142394822,0.883495145631068,0.889967637540453,0.8932038834951457,0.8964401294498382,0.9029126213592233
total,5,6,10,"tensor(20.7670, device='cuda:0')",0.4336569579288026,0.49514563106796117,0.5631067961165048,0.5760517799352751
dynamic,20,6,10,"tensor(11.5340, device='cuda:0')",0.1488673139158576,0.20711974110032363,0.2783171521035599,0.36245954692556637,0.5210355987055016,0.6343042071197411,0.7055016181229773,0.7669902912621359,0.8122977346278317,0.8446601941747572,0.8802588996763754,0.889967637540453,0.9061488673139159
dynamic,20,6,20,"tensor(11.5340, device='cuda:0')",0.1488673139158576,0.20711974110032363,0.2783171521035599,0.36245954692556637,0.5210355987055016,0.6343042071197411,0.7055016181229773,0.7669902912621359,0.8122977346278317,0.8446601941747572,0.8802588996763754,0.889967637540453,0.9061488673139159
total,20,6,10,"tensor(11.5340, device='cuda:0')",0.2815533980582524,0.32038834951456313,0.34951456310679613,0.36245954692556637
total,20,6,20,"tensor(11.5340, device='cuda:0')",0.3948220064724919,0.44336569579288027,0.48220064724919093,0.5080906148867314,0.5210355987055016
dynamic,20,6,30,"tensor(11.5340, device='cuda:0')",0.1488673139158576,0.20711974110032363,0.2783171521035599,0.36245954692556637,0.5210355987055016,0.6343042071197411,0.7055016181229773,0.7669902912621359,0.8122977346278317,0.8446601941747572,0.8802588996763754,0.889967637540453,0.9061488673139159
dynamic,5,6,20,"tensor(20.7670, device='cuda:0')",0.3300970873786408,0.40129449838187703,0.4919093851132686,0.5760517799352751,0.7087378640776699,0.7766990291262136,0.8252427184466019,0.86084142394822,0.883495145631068,0.889967637540453,0.8932038834951457,0.8964401294498382,0.9029126213592233
total,20,6,30,"tensor(11.5340, device='cuda:0')",0.4563106796116505,0.517799352750809,0.5631067961165048,0.5954692556634305,0.6181229773462783,0.6343042071197411
total,5,6,20,"tensor(20.7670, device='cuda:0')",0.5048543689320388,0.5792880258899676,0.6504854368932039,0.6763754045307443,0.7087378640776699
dynamic,5,6,30,"tensor(20.7670, device='cuda:0')",0.3300970873786408,0.40129449838187703,0.4919093851132686,0.5760517799352751,0.7087378640776699,0.7766990291262136,0.8252427184466019,0.86084142394822,0.883495145631068,0.889967637540453,0.8932038834951457,0.8964401294498382,0.9029126213592233
total,5,6,30,"tensor(20.7670, device='cuda:0')",0.5275080906148867,0.6116504854368932,0.686084142394822,0.7216828478964401,0.7572815533980582,0.7766990291262136
dynamic,20,6,40,"tensor(11.5340, device='cuda:0')",0.1488673139158576,0.20711974110032363,0.2783171521035599,0.36245954692556637,0.5210355987055016,0.6343042071197411,0.7055016181229773,0.7669902912621359,0.8122977346278317,0.8446601941747572,0.8802588996763754,0.889967637540453,0.9061488673139159
total,20,6,40,"tensor(11.5340, device='cuda:0')",0.49514563106796117,0.5501618122977346,0.6084142394822006,0.6440129449838188,0.6731391585760518,0.6893203883495146,0.7055016181229773
dynamic,20,6,50,"tensor(11.5340, device='cuda:0')",0.1488673139158576,0.20711974110032363,0.2783171521035599,0.36245954692556637,0.5210355987055016,0.6343042071197411,0.7055016181229773,0.7669902912621359,0.8122977346278317,0.8446601941747572,0.8802588996763754,0.889967637540453,0.9061488673139159
dynamic,20,6,60,"tensor(11.5340, device='cuda:0')",0.1488673139158576,0.20711974110032363,0.2783171521035599,0.36245954692556637,0.5210355987055016,0.6343042071197411,0.7055016181229773,0.7669902912621359,0.8122977346278317,0.8446601941747572,0.8802588996763754,0.889967637540453,0.9061488673139159
total,20,6,50,"tensor(11.5340, device='cuda:0')",0.5307443365695793,0.5857605177993528,0.6472491909385113,0.6828478964401294,0.7184466019417476,0.7313915857605178,0.7378640776699029,0.7669902912621359
total,20,6,60,"tensor(11.5340, device='cuda:0')",0.5598705501618123,0.6213592233009708,0.6763754045307443,0.7152103559870551,0.7540453074433657,0.7669902912621359,0.7734627831715211,0.7831715210355987,0.8122977346278317
dynamic,5,6,40,"tensor(20.7670, device='cuda:0')",0.3300970873786408,0.40129449838187703,0.4919093851132686,0.5760517799352751,0.7087378640776699,0.7766990291262136,0.8252427184466019,0.86084142394822,0.883495145631068,0.889967637540453,0.8932038834951457,0.8964401294498382,0.9029126213592233
total,5,6,40,"tensor(20.7670, device='cuda:0')",0.5469255663430421,0.6440129449838188,0.7152103559870551,0.7475728155339806,0.7864077669902912,0.7993527508090615,0.8252427184466019
dynamic,5,6,50,"tensor(20.7670, device='cuda:0')",0.3300970873786408,0.40129449838187703,0.4919093851132686,0.5760517799352751,0.7087378640776699,0.7766990291262136,0.8252427184466019,0.86084142394822,0.883495145631068,0.889967637540453,0.8932038834951457,0.8964401294498382,0.9029126213592233
dynamic,5,6,60,"tensor(20.7670, device='cuda:0')",0.3300970873786408,0.40129449838187703,0.4919093851132686,0.5760517799352751,0.7087378640776699,0.7766990291262136,0.8252427184466019,0.86084142394822,0.883495145631068,0.889967637540453,0.8932038834951457,0.8964401294498382,0.9029126213592233
total,5,6,50,"tensor(20.7670, device='cuda:0')",0.5533980582524272,0.6601941747572816,0.7346278317152104,0.7637540453074434,0.8058252427184466,0.8284789644012945,0.8381877022653722,0.86084142394822
total,5,6,60,"tensor(20.7670, device='cuda:0')",0.5598705501618123,0.6666666666666666,0.7411003236245954,0.7669902912621359,0.8155339805825242,0.8414239482200647,0.8478964401294499,0.86084142394822,0.883495145631068
dynamic,5,6,70,"tensor(20.7670, device='cuda:0')",0.3300970873786408,0.40129449838187703,0.4919093851132686,0.5760517799352751,0.7087378640776699,0.7766990291262136,0.8252427184466019,0.86084142394822,0.883495145631068,0.889967637540453,0.8932038834951457,0.8964401294498382,0.9029126213592233
total,5,6,70,"tensor(20.7670, device='cuda:0')",0.5598705501618123,0.6634304207119741,0.7411003236245954,0.7637540453074434,0.8090614886731392,0.8349514563106796,0.8511326860841424,0.8511326860841424,0.8673139158576052,0.889967637540453
dynamic,20,6,70,"tensor(11.5340, device='cuda:0')",0.1488673139158576,0.20711974110032363,0.2783171521035599,0.36245954692556637,0.5210355987055016,0.6343042071197411,0.7055016181229773,0.7669902912621359,0.8122977346278317,0.8446601941747572,0.8802588996763754,0.889967637540453,0.9061488673139159
total,20,6,70,"tensor(11.5340, device='cuda:0')",0.5760517799352751,0.6407766990291263,0.6990291262135923,0.7411003236245954,0.7864077669902912,0.7961165048543689,0.8058252427184466,0.8090614886731392,0.8155339805825242,0.8446601941747572
dynamic,20,6,80,"tensor(11.5340, device='cuda:0')",0.1488673139158576,0.20711974110032363,0.2783171521035599,0.36245954692556637,0.5210355987055016,0.6343042071197411,0.7055016181229773,0.7669902912621359,0.8122977346278317,0.8446601941747572,0.8802588996763754,0.889967637540453,0.9061488673139159
dynamic,20,6,90,"tensor(11.5340, device='cuda:0')",0.1488673139158576,0.20711974110032363,0.2783171521035599,0.36245954692556637,0.5210355987055016,0.6343042071197411,0.7055016181229773,0.7669902912621359,0.8122977346278317,0.8446601941747572,0.8802588996763754,0.889967637540453,0.9061488673139159
dynamic,5,6,80,"tensor(20.7670, device='cuda:0')",0.3300970873786408,0.40129449838187703,0.4919093851132686,0.5760517799352751,0.7087378640776699,0.7766990291262136,0.8252427184466019,0.86084142394822,0.883495145631068,0.889967637540453,0.8932038834951457,0.8964401294498382,0.9029126213592233
dynamic,5,6,90,"tensor(20.7670, device='cuda:0')",0.3300970873786408,0.40129449838187703,0.4919093851132686,0.5760517799352751,0.7087378640776699,0.7766990291262136,0.8252427184466019,0.86084142394822,0.883495145631068,0.889967637540453,0.8932038834951457,0.8964401294498382,0.9029126213592233
total,20,6,80,"tensor(11.5340, device='cuda:0')",0.598705501618123,0.6699029126213593,0.7281553398058253,0.7637540453074434,0.8025889967637541,0.8220064724919094,0.8317152103559871,0.8381877022653722,0.8478964401294499,0.8543689320388349,0.8802588996763754
total,5,6,80,"tensor(20.7670, device='cuda:0')",0.5631067961165048,0.6666666666666666,0.7411003236245954,0.7669902912621359,0.8025889967637541,0.8317152103559871,0.8414239482200647,0.8543689320388349,0.8543689320388349,0.8705501618122977,0.8932038834951457
total,20,6,90,"tensor(11.5340, device='cuda:0')",0.6019417475728155,0.6699029126213593,0.7249190938511327,0.7669902912621359,0.8058252427184466,0.8220064724919094,0.8284789644012945,0.8381877022653722,0.8446601941747572,0.8543689320388349,0.8673139158576052,0.889967637540453
total,5,6,90,"tensor(20.7670, device='cuda:0')",0.5598705501618123,0.6666666666666666,0.7378640776699029,0.7669902912621359,0.8025889967637541,0.8317152103559871,0.8381877022653722,0.8543689320388349,0.8576051779935275,0.86084142394822,0.8737864077669902,0.8964401294498382
dynamic,20,6,100,"tensor(11.5340, device='cuda:0')",0.1488673139158576,0.20711974110032363,0.2783171521035599,0.36245954692556637,0.5210355987055016,0.6343042071197411,0.7055016181229773,0.7669902912621359,0.8122977346278317,0.8446601941747572,0.8802588996763754,0.889967637540453,0.9061488673139159
total,20,6,100,"tensor(11.5340, device='cuda:0')",0.6084142394822006,0.6763754045307443,0.7346278317152104,0.7702265372168284,0.8155339805825242,0.8349514563106796,0.8414239482200647,0.8511326860841424,0.86084142394822,0.8640776699029126,0.8705501618122977,0.8867313915857605,0.9061488673139159
dynamic,20,6,150,"tensor(11.5340, device='cuda:0')",0.1488673139158576,0.20711974110032363,0.2783171521035599,0.36245954692556637,0.5210355987055016,0.6343042071197411,0.7055016181229773,0.7669902912621359,0.8122977346278317,0.8446601941747572,0.8802588996763754,0.889967637540453,0.9061488673139159
dynamic,20,6,200,"tensor(11.5340, device='cuda:0')",0.1488673139158576,0.20711974110032363,0.2783171521035599,0.36245954692556637,0.5210355987055016,0.6343042071197411,0.7055016181229773,0.7669902912621359,0.8122977346278317,0.8446601941747572,0.8802588996763754,0.889967637540453,0.9061488673139159
dynamic,5,6,100,"tensor(20.7670, device='cuda:0')",0.3300970873786408,0.40129449838187703,0.4919093851132686,0.5760517799352751,0.7087378640776699,0.7766990291262136,0.8252427184466019,0.86084142394822,0.883495145631068,0.889967637540453,0.8932038834951457,0.8964401294498382,0.9029126213592233
dynamic,5,6,150,"tensor(20.7670, device='cuda:0')",0.3300970873786408,0.40129449838187703,0.4919093851132686,0.5760517799352751,0.7087378640776699,0.7766990291262136,0.8252427184466019,0.86084142394822,0.883495145631068,0.889967637540453,0.8932038834951457,0.8964401294498382,0.9029126213592233
dynamic,5,6,200,"tensor(20.7670, device='cuda:0')",0.3300970873786408,0.40129449838187703,0.4919093851132686,0.5760517799352751,0.7087378640776699,0.7766990291262136,0.8252427184466019,0.86084142394822,0.883495145631068,0.889967637540453,0.8932038834951457,0.8964401294498382,0.9029126213592233
total,5,6,100,"tensor(20.7670, device='cuda:0')",0.5598705501618123,0.6666666666666666,0.7378640776699029,0.7669902912621359,0.8025889967637541,0.8284789644012945,0.8349514563106796,0.8511326860841424,0.8576051779935275,0.86084142394822,0.8705501618122977,0.8802588996763754,0.9029126213592233
dynamic,5,8,1,"tensor(19.0065, device='cuda:0')",0.3042071197411003,0.37540453074433655,0.459546925566343,0.5566343042071198,0.6731391585760518,0.7669902912621359,0.8317152103559871,0.8770226537216829,0.8996763754045307,0.9158576051779935,0.919093851132686,0.9288025889967637,0.9320388349514563
dynamic,20,8,1,"tensor(12.0032, device='cuda:0')",0.13915857605177995,0.22006472491909385,0.3268608414239482,0.42071197411003236,0.5728155339805825,0.6375404530744336,0.7087378640776699,0.7702265372168284,0.8122977346278317,0.8446601941747572,0.8867313915857605,0.912621359223301,0.9255663430420712
dynamic,20,8,2,"tensor(12.0032, device='cuda:0')",0.13915857605177995,0.22006472491909385,0.3268608414239482,0.42071197411003236,0.5728155339805825,0.6375404530744336,0.7087378640776699,0.7702265372168284,0.8122977346278317,0.8446601941747572,0.8867313915857605,0.912621359223301,0.9255663430420712
dynamic,5,8,2,"tensor(19.0065, device='cuda:0')",0.3042071197411003,0.37540453074433655,0.459546925566343,0.5566343042071198,0.6731391585760518,0.7669902912621359,0.8317152103559871,0.8770226537216829,0.8996763754045307,0.9158576051779935,0.919093851132686,0.9288025889967637,0.9320388349514563
dynamic,20,8,5,"tensor(12.0032, device='cuda:0')",0.13915857605177995,0.22006472491909385,0.3268608414239482,0.42071197411003236,0.5728155339805825,0.6375404530744336,0.7087378640776699,0.7702265372168284,0.8122977346278317,0.8446601941747572,0.8867313915857605,0.912621359223301,0.9255663430420712
total,5,8,1,"tensor(19.0065, device='cuda:0')",0.3042071197411003
total,20,8,1,"tensor(12.0032, device='cuda:0')",0.13915857605177995
dynamic,5,8,5,"tensor(19.0065, device='cuda:0')",0.3042071197411003,0.37540453074433655,0.459546925566343,0.5566343042071198,0.6731391585760518,0.7669902912621359,0.8317152103559871,0.8770226537216829,0.8996763754045307,0.9158576051779935,0.919093851132686,0.9288025889967637,0.9320388349514563
dynamic,20,8,10,"tensor(12.0032, device='cuda:0')",0.13915857605177995,0.22006472491909385,0.3268608414239482,0.42071197411003236,0.5728155339805825,0.6375404530744336,0.7087378640776699,0.7702265372168284,0.8122977346278317,0.8446601941747572,0.8867313915857605,0.912621359223301,0.9255663430420712
dynamic,20,8,20,"tensor(12.0032, device='cuda:0')",0.13915857605177995,0.22006472491909385,0.3268608414239482,0.42071197411003236,0.5728155339805825,0.6375404530744336,0.7087378640776699,0.7702265372168284,0.8122977346278317,0.8446601941747572,0.8867313915857605,0.912621359223301,0.9255663430420712
dynamic,20,8,30,"tensor(12.0032, device='cuda:0')",0.13915857605177995,0.22006472491909385,0.3268608414239482,0.42071197411003236,0.5728155339805825,0.6375404530744336,0.7087378640776699,0.7702265372168284,0.8122977346278317,0.8446601941747572,0.8867313915857605,0.912621359223301,0.9255663430420712
total,20,8,10,"tensor(12.0032, device='cuda:0')",0.3365695792880259,0.3786407766990291,0.4045307443365696,0.42071197411003236
total,20,8,20,"tensor(12.0032, device='cuda:0')",0.43042071197411,0.4886731391585761,0.5210355987055016,0.5469255663430421,0.5728155339805825
total,20,8,30,"tensor(12.0032, device='cuda:0')",0.44660194174757284,0.5242718446601942,0.5566343042071198,0.5922330097087378,0.6181229773462783,0.6375404530744336
dynamic,5,8,10,"tensor(19.0065, device='cuda:0')",0.3042071197411003,0.37540453074433655,0.459546925566343,0.5566343042071198,0.6731391585760518,0.7669902912621359,0.8317152103559871,0.8770226537216829,0.8996763754045307,0.9158576051779935,0.919093851132686,0.9288025889967637,0.9320388349514563
dynamic,5,8,20,"tensor(19.0065, device='cuda:0')",0.3042071197411003,0.37540453074433655,0.459546925566343,0.5566343042071198,0.6731391585760518,0.7669902912621359,0.8317152103559871,0.8770226537216829,0.8996763754045307,0.9158576051779935,0.919093851132686,0.9288025889967637,0.9320388349514563
total,5,8,10,"tensor(19.0065, device='cuda:0')",0.42394822006472493,0.4854368932038835,0.540453074433657,0.5566343042071198
dynamic,5,8,30,"tensor(19.0065, device='cuda:0')",0.3042071197411003,0.37540453074433655,0.459546925566343,0.5566343042071198,0.6731391585760518,0.7669902912621359,0.8317152103559871,0.8770226537216829,0.8996763754045307,0.9158576051779935,0.919093851132686,0.9288025889967637,0.9320388349514563
total,5,8,20,"tensor(19.0065, device='cuda:0')",0.4854368932038835,0.5728155339805825,0.6245954692556634,0.6472491909385113,0.6731391585760518
total,5,8,30,"tensor(19.0065, device='cuda:0')",0.5372168284789643,0.627831715210356,0.6828478964401294,0.7152103559870551,0.7443365695792881,0.7669902912621359
dynamic,20,8,40,"tensor(12.0032, device='cuda:0')",0.13915857605177995,0.22006472491909385,0.3268608414239482,0.42071197411003236,0.5728155339805825,0.6375404530744336,0.7087378640776699,0.7702265372168284,0.8122977346278317,0.8446601941747572,0.8867313915857605,0.912621359223301,0.9255663430420712
dynamic,5,8,40,"tensor(19.0065, device='cuda:0')",0.3042071197411003,0.37540453074433655,0.459546925566343,0.5566343042071198,0.6731391585760518,0.7669902912621359,0.8317152103559871,0.8770226537216829,0.8996763754045307,0.9158576051779935,0.919093851132686,0.9288025889967637,0.9320388349514563
total,20,8,40,"tensor(12.0032, device='cuda:0')",0.47896440129449835,0.5533980582524272,0.5954692556634305,0.6343042071197411,0.6699029126213593,0.6828478964401294,0.7087378640776699
dynamic,20,8,50,"tensor(12.0032, device='cuda:0')",0.13915857605177995,0.22006472491909385,0.3268608414239482,0.42071197411003236,0.5728155339805825,0.6375404530744336,0.7087378640776699,0.7702265372168284,0.8122977346278317,0.8446601941747572,0.8867313915857605,0.912621359223301,0.9255663430420712
dynamic,20,8,60,"tensor(12.0032, device='cuda:0')",0.13915857605177995,0.22006472491909385,0.3268608414239482,0.42071197411003236,0.5728155339805825,0.6375404530744336,0.7087378640776699,0.7702265372168284,0.8122977346278317,0.8446601941747572,0.8867313915857605,0.912621359223301,0.9255663430420712
dynamic,5,8,50,"tensor(19.0065, device='cuda:0')",0.3042071197411003,0.37540453074433655,0.459546925566343,0.5566343042071198,0.6731391585760518,0.7669902912621359,0.8317152103559871,0.8770226537216829,0.8996763754045307,0.9158576051779935,0.919093851132686,0.9288025889967637,0.9320388349514563
dynamic,5,8,60,"tensor(19.0065, device='cuda:0')",0.3042071197411003,0.37540453074433655,0.459546925566343,0.5566343042071198,0.6731391585760518,0.7669902912621359,0.8317152103559871,0.8770226537216829,0.8996763754045307,0.9158576051779935,0.919093851132686,0.9288025889967637,0.9320388349514563
total,5,8,40,"tensor(19.0065, device='cuda:0')",0.5663430420711975,0.6666666666666666,0.7152103559870551,0.7540453074433657,0.7831715210355987,0.8058252427184466,0.8317152103559871
total,20,8,50,"tensor(12.0032, device='cuda:0')",0.5080906148867314,0.5889967637540453,0.627831715210356,0.6731391585760518,0.7087378640776699,0.7249190938511327,0.7313915857605178,0.7702265372168284
total,20,8,60,"tensor(12.0032, device='cuda:0')",0.5275080906148867,0.6116504854368932,0.6537216828478964,0.6990291262135923,0.7346278317152104,0.7540453074433657,0.7637540453074434,0.7766990291262136,0.8122977346278317
total,5,8,50,"tensor(19.0065, device='cuda:0')",0.56957928802589,0.6796116504854369,0.7313915857605178,0.7669902912621359,0.8122977346278317,0.8381877022653722,0.8511326860841424,0.8770226537216829
total,5,8,60,"tensor(19.0065, device='cuda:0')",0.5631067961165048,0.686084142394822,0.7346278317152104,0.7702265372168284,0.8155339805825242,0.8381877022653722,0.8543689320388349,0.8705501618122977,0.8996763754045307
dynamic,20,8,70,"tensor(12.0032, device='cuda:0')",0.13915857605177995,0.22006472491909385,0.3268608414239482,0.42071197411003236,0.5728155339805825,0.6375404530744336,0.7087378640776699,0.7702265372168284,0.8122977346278317,0.8446601941747572,0.8867313915857605,0.912621359223301,0.9255663430420712
total,20,8,70,"tensor(12.0032, device='cuda:0')",0.5436893203883495,0.6343042071197411,0.6828478964401294,0.7216828478964401,0.7572815533980582,0.7831715210355987,0.7961165048543689,0.8058252427184466,0.8122977346278317,0.8446601941747572
dynamic,20,8,80,"tensor(12.0032, device='cuda:0')",0.13915857605177995,0.22006472491909385,0.3268608414239482,0.42071197411003236,0.5728155339805825,0.6375404530744336,0.7087378640776699,0.7702265372168284,0.8122977346278317,0.8446601941747572,0.8867313915857605,0.912621359223301,0.9255663430420712
dynamic,20,8,90,"tensor(12.0032, device='cuda:0')",0.13915857605177995,0.22006472491909385,0.3268608414239482,0.42071197411003236,0.5728155339805825,0.6375404530744336,0.7087378640776699,0.7702265372168284,0.8122977346278317,0.8446601941747572,0.8867313915857605,0.912621359223301,0.9255663430420712
total,20,8,80,"tensor(12.0032, device='cuda:0')",0.5566343042071198,0.6537216828478964,0.7087378640776699,0.7475728155339806,0.7864077669902912,0.8122977346278317,0.8220064724919094,0.8349514563106796,0.8414239482200647,0.8511326860841424,0.8867313915857605
total,20,8,90,"tensor(12.0032, device='cuda:0')",0.5792880258899676,0.6731391585760518,0.7281553398058253,0.7637540453074434,0.8025889967637541,0.8252427184466019,0.8414239482200647,0.8543689320388349,0.86084142394822,0.8673139158576052,0.8802588996763754,0.912621359223301
dynamic,5,8,70,"tensor(19.0065, device='cuda:0')",0.3042071197411003,0.37540453074433655,0.459546925566343,0.5566343042071198,0.6731391585760518,0.7669902912621359,0.8317152103559871,0.8770226537216829,0.8996763754045307,0.9158576051779935,0.919093851132686,0.9288025889967637,0.9320388349514563
dynamic,5,8,80,"tensor(19.0065, device='cuda:0')",0.3042071197411003,0.37540453074433655,0.459546925566343,0.5566343042071198,0.6731391585760518,0.7669902912621359,0.8317152103559871,0.8770226537216829,0.8996763754045307,0.9158576051779935,0.919093851132686,0.9288025889967637,0.9320388349514563
total,5,8,70,"tensor(19.0065, device='cuda:0')",0.5663430420711975,0.6893203883495146,0.7378640776699029,0.7734627831715211,0.8155339805825242,0.8414239482200647,0.8576051779935275,0.8673139158576052,0.883495145631068,0.9158576051779935
dynamic,5,8,90,"tensor(19.0065, device='cuda:0')",0.3042071197411003,0.37540453074433655,0.459546925566343,0.5566343042071198,0.6731391585760518,0.7669902912621359,0.8317152103559871,0.8770226537216829,0.8996763754045307,0.9158576051779935,0.919093851132686,0.9288025889967637,0.9320388349514563
total,5,8,80,"tensor(19.0065, device='cuda:0')",0.56957928802589,0.6893203883495146,0.7411003236245954,0.7766990291262136,0.8187702265372169,0.8414239482200647,0.8511326860841424,0.8640776699029126,0.8737864077669902,0.889967637540453,0.919093851132686
total,5,8,90,"tensor(19.0065, device='cuda:0')",0.56957928802589,0.6893203883495146,0.7443365695792881,0.7766990291262136,0.8155339805825242,0.8381877022653722,0.8511326860841424,0.86084142394822,0.8737864077669902,0.8802588996763754,0.8964401294498382,0.9288025889967637
dynamic,20,8,100,"tensor(12.0032, device='cuda:0')",0.13915857605177995,0.22006472491909385,0.3268608414239482,0.42071197411003236,0.5728155339805825,0.6375404530744336,0.7087378640776699,0.7702265372168284,0.8122977346278317,0.8446601941747572,0.8867313915857605,0.912621359223301,0.9255663430420712
dynamic,5,8,100,"tensor(19.0065, device='cuda:0')",0.3042071197411003,0.37540453074433655,0.459546925566343,0.5566343042071198,0.6731391585760518,0.7669902912621359,0.8317152103559871,0.8770226537216829,0.8996763754045307,0.9158576051779935,0.919093851132686,0.9288025889967637,0.9320388349514563
dynamic,20,8,150,"tensor(12.0032, device='cuda:0')",0.13915857605177995,0.22006472491909385,0.3268608414239482,0.42071197411003236,0.5728155339805825,0.6375404530744336,0.7087378640776699,0.7702265372168284,0.8122977346278317,0.8446601941747572,0.8867313915857605,0.912621359223301,0.9255663430420712
dynamic,20,8,200,"tensor(12.0032, device='cuda:0')",0.13915857605177995,0.22006472491909385,0.3268608414239482,0.42071197411003236,0.5728155339805825,0.6375404530744336,0.7087378640776699,0.7702265372168284,0.8122977346278317,0.8446601941747572,0.8867313915857605,0.912621359223301,0.9255663430420712
total,20,8,100,"tensor(12.0032, device='cuda:0')",0.5792880258899676,0.6796116504854369,0.7313915857605178,0.7734627831715211,0.8090614886731392,0.8284789644012945,0.8511326860841424,0.86084142394822,0.8705501618122977,0.8770226537216829,0.8802588996763754,0.8964401294498382,0.9255663430420712
dynamic,5,8,150,"tensor(19.0065, device='cuda:0')",0.3042071197411003,0.37540453074433655,0.459546925566343,0.5566343042071198,0.6731391585760518,0.7669902912621359,0.8317152103559871,0.8770226537216829,0.8996763754045307,0.9158576051779935,0.919093851132686,0.9288025889967637,0.9320388349514563
dynamic,5,8,200,"tensor(19.0065, device='cuda:0')",0.3042071197411003,0.37540453074433655,0.459546925566343,0.5566343042071198,0.6731391585760518,0.7669902912621359,0.8317152103559871,0.8770226537216829,0.8996763754045307,0.9158576051779935,0.919093851132686,0.9288025889967637,0.9320388349514563
total,5,8,100,"tensor(19.0065, device='cuda:0')",0.5631067961165048,0.6893203883495146,0.7411003236245954,0.7766990291262136,0.8122977346278317,0.8381877022653722,0.8446601941747572,0.8543689320388349,0.8673139158576052,0.8770226537216829,0.883495145631068,0.8964401294498382,0.9320388349514563
dynamic,20,10,1,"tensor(12.9256, device='cuda:0')",0.18770226537216828,0.24919093851132687,0.3559870550161812,0.4627831715210356,0.6019417475728155,0.6763754045307443,0.7475728155339806,0.7928802588996764,0.8187702265372169,0.8576051779935275,0.883495145631068,0.9029126213592233,0.9158576051779935
dynamic,20,10,2,"tensor(12.9256, device='cuda:0')",0.18770226537216828,0.24919093851132687,0.3559870550161812,0.4627831715210356,0.6019417475728155,0.6763754045307443,0.7475728155339806,0.7928802588996764,0.8187702265372169,0.8576051779935275,0.883495145631068,0.9029126213592233,0.9158576051779935
dynamic,20,10,5,"tensor(12.9256, device='cuda:0')",0.18770226537216828,0.24919093851132687,0.3559870550161812,0.4627831715210356,0.6019417475728155,0.6763754045307443,0.7475728155339806,0.7928802588996764,0.8187702265372169,0.8576051779935275,0.883495145631068,0.9029126213592233,0.9158576051779935
total,20,10,1,"tensor(12.9256, device='cuda:0')",0.18770226537216828
dynamic,5,10,1,"tensor(20.5858, device='cuda:0')",0.3042071197411003,0.39158576051779936,0.49514563106796117,0.5889967637540453,0.6828478964401294,0.7734627831715211,0.8187702265372169,0.8478964401294499,0.8673139158576052,0.8932038834951457,0.8996763754045307,0.912621359223301,0.9255663430420712
total,5,10,1,"tensor(20.5858, device='cuda:0')",0.3042071197411003
dynamic,5,10,2,"tensor(20.5858, device='cuda:0')",0.3042071197411003,0.39158576051779936,0.49514563106796117,0.5889967637540453,0.6828478964401294,0.7734627831715211,0.8187702265372169,0.8478964401294499,0.8673139158576052,0.8932038834951457,0.8996763754045307,0.912621359223301,0.9255663430420712
dynamic,5,10,5,"tensor(20.5858, device='cuda:0')",0.3042071197411003,0.39158576051779936,0.49514563106796117,0.5889967637540453,0.6828478964401294,0.7734627831715211,0.8187702265372169,0.8478964401294499,0.8673139158576052,0.8932038834951457,0.8996763754045307,0.912621359223301,0.9255663430420712
total,5,10,2,"tensor(20.5858, device='cuda:0')",0.3559870550161812,0.39158576051779936
total,5,10,5,"tensor(20.5858, device='cuda:0')",0.41423948220064727,0.459546925566343,0.49514563106796117
dynamic,20,10,10,"tensor(12.9256, device='cuda:0')",0.18770226537216828,0.24919093851132687,0.3559870550161812,0.4627831715210356,0.6019417475728155,0.6763754045307443,0.7475728155339806,0.7928802588996764,0.8187702265372169,0.8576051779935275,0.883495145631068,0.9029126213592233,0.9158576051779935
dynamic,5,10,10,"tensor(20.5858, device='cuda:0')",0.3042071197411003,0.39158576051779936,0.49514563106796117,0.5889967637540453,0.6828478964401294,0.7734627831715211,0.8187702265372169,0.8478964401294499,0.8673139158576052,0.8932038834951457,0.8996763754045307,0.912621359223301,0.9255663430420712
dynamic,20,10,30,"tensor(12.9256, device='cuda:0')",0.18770226537216828,0.24919093851132687,0.3559870550161812,0.4627831715210356,0.6019417475728155,0.6763754045307443,0.7475728155339806,0.7928802588996764,0.8187702265372169,0.8576051779935275,0.883495145631068,0.9029126213592233,0.9158576051779935
dynamic,20,10,20,"tensor(12.9256, device='cuda:0')",0.18770226537216828,0.24919093851132687,0.3559870550161812,0.4627831715210356,0.6019417475728155,0.6763754045307443,0.7475728155339806,0.7928802588996764,0.8187702265372169,0.8576051779935275,0.883495145631068,0.9029126213592233,0.9158576051779935
dynamic,5,10,20,"tensor(20.5858, device='cuda:0')",0.3042071197411003,0.39158576051779936,0.49514563106796117,0.5889967637540453,0.6828478964401294,0.7734627831715211,0.8187702265372169,0.8478964401294499,0.8673139158576052,0.8932038834951457,0.8996763754045307,0.912621359223301,0.9255663430420712
total,20,10,10,"tensor(12.9256, device='cuda:0')",0.3559870550161812,0.4045307443365696,0.44336569579288027,0.4627831715210356
total,20,10,30,"tensor(12.9256, device='cuda:0')",0.4692556634304207,0.5469255663430421,0.6019417475728155,0.6310679611650486,0.6601941747572816,0.6763754045307443
total,20,10,20,"tensor(12.9256, device='cuda:0')",0.44660194174757284,0.5080906148867314,0.5533980582524272,0.5825242718446602,0.6019417475728155
total,5,10,10,"tensor(20.5858, device='cuda:0')",0.4692556634304207,0.5242718446601942,0.5728155339805825,0.5889967637540453
dynamic,5,10,30,"tensor(20.5858, device='cuda:0')",0.3042071197411003,0.39158576051779936,0.49514563106796117,0.5889967637540453,0.6828478964401294,0.7734627831715211,0.8187702265372169,0.8478964401294499,0.8673139158576052,0.8932038834951457,0.8996763754045307,0.912621359223301,0.9255663430420712
total,5,10,20,"tensor(20.5858, device='cuda:0')",0.5080906148867314,0.5922330097087378,0.6375404530744336,0.6601941747572816,0.6828478964401294
total,5,10,30,"tensor(20.5858, device='cuda:0')",0.5533980582524272,0.6407766990291263,0.6957928802588996,0.7313915857605178,0.7572815533980582,0.7734627831715211
dynamic,20,10,40,"tensor(12.9256, device='cuda:0')",0.18770226537216828,0.24919093851132687,0.3559870550161812,0.4627831715210356,0.6019417475728155,0.6763754045307443,0.7475728155339806,0.7928802588996764,0.8187702265372169,0.8576051779935275,0.883495145631068,0.9029126213592233,0.9158576051779935
dynamic,20,10,50,"tensor(12.9256, device='cuda:0')",0.18770226537216828,0.24919093851132687,0.3559870550161812,0.4627831715210356,0.6019417475728155,0.6763754045307443,0.7475728155339806,0.7928802588996764,0.8187702265372169,0.8576051779935275,0.883495145631068,0.9029126213592233,0.9158576051779935
dynamic,20,10,60,"tensor(12.9256, device='cuda:0')",0.18770226537216828,0.24919093851132687,0.3559870550161812,0.4627831715210356,0.6019417475728155,0.6763754045307443,0.7475728155339806,0.7928802588996764,0.8187702265372169,0.8576051779935275,0.883495145631068,0.9029126213592233,0.9158576051779935
total,20,10,40,"tensor(12.9256, device='cuda:0')",0.5080906148867314,0.5760517799352751,0.6407766990291263,0.6796116504854369,0.7119741100323624,0.7249190938511327,0.7475728155339806
dynamic,5,10,40,"tensor(20.5858, device='cuda:0')",0.3042071197411003,0.39158576051779936,0.49514563106796117,0.5889967637540453,0.6828478964401294,0.7734627831715211,0.8187702265372169,0.8478964401294499,0.8673139158576052,0.8932038834951457,0.8996763754045307,0.912621359223301,0.9255663430420712
total,20,10,50,"tensor(12.9256, device='cuda:0')",0.517799352750809,0.598705501618123,0.6666666666666666,0.7022653721682848,0.7346278317152104,0.7572815533980582,0.7669902912621359,0.7928802588996764
total,20,10,60,"tensor(12.9256, device='cuda:0')",0.5339805825242718,0.6084142394822006,0.6699029126213593,0.7055016181229773,0.7378640776699029,0.7669902912621359,0.7766990291262136,0.7896440129449838,0.8187702265372169
total,5,10,40,"tensor(20.5858, device='cuda:0')",0.5728155339805825,0.6666666666666666,0.7184466019417476,0.7540453074433657,0.7799352750809061,0.7961165048543689,0.8187702265372169
dynamic,5,10,50,"tensor(20.5858, device='cuda:0')",0.3042071197411003,0.39158576051779936,0.49514563106796117,0.5889967637540453,0.6828478964401294,0.7734627831715211,0.8187702265372169,0.8478964401294499,0.8673139158576052,0.8932038834951457,0.8996763754045307,0.912621359223301,0.9255663430420712
dynamic,5,10,60,"tensor(20.5858, device='cuda:0')",0.3042071197411003,0.39158576051779936,0.49514563106796117,0.5889967637540453,0.6828478964401294,0.7734627831715211,0.8187702265372169,0.8478964401294499,0.8673139158576052,0.8932038834951457,0.8996763754045307,0.912621359223301,0.9255663430420712
total,5,10,50,"tensor(20.5858, device='cuda:0')",0.5760517799352751,0.6763754045307443,0.7216828478964401,0.7637540453074434,0.7928802588996764,0.8122977346278317,0.8252427184466019,0.8478964401294499
total,5,10,60,"tensor(20.5858, device='cuda:0')",0.5728155339805825,0.6828478964401294,0.7249190938511327,0.7734627831715211,0.8058252427184466,0.8187702265372169,0.8381877022653722,0.8414239482200647,0.8673139158576052
dynamic,20,10,70,"tensor(12.9256, device='cuda:0')",0.18770226537216828,0.24919093851132687,0.3559870550161812,0.4627831715210356,0.6019417475728155,0.6763754045307443,0.7475728155339806,0.7928802588996764,0.8187702265372169,0.8576051779935275,0.883495145631068,0.9029126213592233,0.9158576051779935
dynamic,5,10,70,"tensor(20.5858, device='cuda:0')",0.3042071197411003,0.39158576051779936,0.49514563106796117,0.5889967637540453,0.6828478964401294,0.7734627831715211,0.8187702265372169,0.8478964401294499,0.8673139158576052,0.8932038834951457,0.8996763754045307,0.912621359223301,0.9255663430420712
dynamic,20,10,80,"tensor(12.9256, device='cuda:0')",0.18770226537216828,0.24919093851132687,0.3559870550161812,0.4627831715210356,0.6019417475728155,0.6763754045307443,0.7475728155339806,0.7928802588996764,0.8187702265372169,0.8576051779935275,0.883495145631068,0.9029126213592233,0.9158576051779935
dynamic,20,10,90,"tensor(12.9256, device='cuda:0')",0.18770226537216828,0.24919093851132687,0.3559870550161812,0.4627831715210356,0.6019417475728155,0.6763754045307443,0.7475728155339806,0.7928802588996764,0.8187702265372169,0.8576051779935275,0.883495145631068,0.9029126213592233,0.9158576051779935
dynamic,5,10,80,"tensor(20.5858, device='cuda:0')",0.3042071197411003,0.39158576051779936,0.49514563106796117,0.5889967637540453,0.6828478964401294,0.7734627831715211,0.8187702265372169,0.8478964401294499,0.8673139158576052,0.8932038834951457,0.8996763754045307,0.912621359223301,0.9255663430420712
total,20,10,70,"tensor(12.9256, device='cuda:0')",0.5501618122977346,0.6375404530744336,0.6957928802588996,0.7346278317152104,0.7669902912621359,0.7928802588996764,0.8155339805825242,0.8187702265372169,0.8284789644012945,0.8576051779935275
dynamic,5,10,90,"tensor(20.5858, device='cuda:0')",0.3042071197411003,0.39158576051779936,0.49514563106796117,0.5889967637540453,0.6828478964401294,0.7734627831715211,0.8187702265372169,0.8478964401294499,0.8673139158576052,0.8932038834951457,0.8996763754045307,0.912621359223301,0.9255663430420712
total,5,10,70,"tensor(20.5858, device='cuda:0')",0.5792880258899676,0.686084142394822,0.7281553398058253,0.7831715210355987,0.8187702265372169,0.8349514563106796,0.8478964401294499,0.86084142394822,0.8673139158576052,0.8932038834951457
total,20,10,80,"tensor(12.9256, device='cuda:0')",0.56957928802589,0.656957928802589,0.7152103559870551,0.7540453074433657,0.7864077669902912,0.8122977346278317,0.8252427184466019,0.8381877022653722,0.8478964401294499,0.8543689320388349,0.883495145631068
total,5,10,80,"tensor(20.5858, device='cuda:0')",0.5792880258899676,0.686084142394822,0.7281553398058253,0.7831715210355987,0.8155339805825242,0.8381877022653722,0.8478964401294499,0.8640776699029126,0.8673139158576052,0.8737864077669902,0.8996763754045307
total,20,10,90,"tensor(12.9256, device='cuda:0')",0.5825242718446602,0.6731391585760518,0.7313915857605178,0.7669902912621359,0.7993527508090615,0.8284789644012945,0.8381877022653722,0.8576051779935275,0.8576051779935275,0.8705501618122977,0.8770226537216829,0.9029126213592233
total,5,10,90,"tensor(20.5858, device='cuda:0')",0.5760517799352751,0.686084142394822,0.7249190938511327,0.7799352750809061,0.8155339805825242,0.8381877022653722,0.8511326860841424,0.8640776699029126,0.8705501618122977,0.8737864077669902,0.889967637540453,0.912621359223301
dynamic,20,10,100,"tensor(12.9256, device='cuda:0')",0.18770226537216828,0.24919093851132687,0.3559870550161812,0.4627831715210356,0.6019417475728155,0.6763754045307443,0.7475728155339806,0.7928802588996764,0.8187702265372169,0.8576051779935275,0.883495145631068,0.9029126213592233,0.9158576051779935
dynamic,5,10,100,"tensor(20.5858, device='cuda:0')",0.3042071197411003,0.39158576051779936,0.49514563106796117,0.5889967637540453,0.6828478964401294,0.7734627831715211,0.8187702265372169,0.8478964401294499,0.8673139158576052,0.8932038834951457,0.8996763754045307,0.912621359223301,0.9255663430420712
dynamic,20,10,150,"tensor(12.9256, device='cuda:0')",0.18770226537216828,0.24919093851132687,0.3559870550161812,0.4627831715210356,0.6019417475728155,0.6763754045307443,0.7475728155339806,0.7928802588996764,0.8187702265372169,0.8576051779935275,0.883495145631068,0.9029126213592233,0.9158576051779935
dynamic,20,10,200,"tensor(12.9256, device='cuda:0')",0.18770226537216828,0.24919093851132687,0.3559870550161812,0.4627831715210356,0.6019417475728155,0.6763754045307443,0.7475728155339806,0.7928802588996764,0.8187702265372169,0.8576051779935275,0.883495145631068,0.9029126213592233,0.9158576051779935
total,20,10,100,"tensor(12.9256, device='cuda:0')",0.5825242718446602,0.6828478964401294,0.7378640776699029,0.7734627831715211,0.8090614886731392,0.8349514563106796,0.8478964401294499,0.8576051779935275,0.8705501618122977,0.8770226537216829,0.883495145631068,0.8932038834951457,0.9158576051779935
total,5,10,100,"tensor(20.5858, device='cuda:0')",0.5760517799352751,0.686084142394822,0.7216828478964401,0.7766990291262136,0.8058252427184466,0.8284789644012945,0.8446601941747572,0.8543689320388349,0.8705501618122977,0.8705501618122977,0.8737864077669902,0.8964401294498382,0.9255663430420712
dynamic,5,10,150,"tensor(20.5858, device='cuda:0')",0.3042071197411003,0.39158576051779936,0.49514563106796117,0.5889967637540453,0.6828478964401294,0.7734627831715211,0.8187702265372169,0.8478964401294499,0.8673139158576052,0.8932038834951457,0.8996763754045307,0.912621359223301,0.9255663430420712
dynamic,5,10,200,"tensor(20.5858, device='cuda:0')",0.3042071197411003,0.39158576051779936,0.49514563106796117,0.5889967637540453,0.6828478964401294,0.7734627831715211,0.8187702265372169,0.8478964401294499,0.8673139158576052,0.8932038834951457,0.8996763754045307,0.912621359223301,0.9255663430420712
dynamic,10,6,1,"tensor(11.9903, device='cuda:0')",0.15857605177993528,0.23300970873786409,0.2977346278317152,0.3883495145631068,0.5469255663430421,0.6537216828478964,0.7346278317152104,0.7896440129449838,0.8349514563106796,0.86084142394822,0.8996763754045307,0.8996763754045307,0.9061488673139159
dynamic,10,6,2,"tensor(11.9903, device='cuda:0')",0.15857605177993528,0.23300970873786409,0.2977346278317152,0.3883495145631068,0.5469255663430421,0.6537216828478964,0.7346278317152104,0.7896440129449838,0.8349514563106796,0.86084142394822,0.8996763754045307,0.8996763754045307,0.9061488673139159
total,10,6,1,"tensor(11.9903, device='cuda:0')",0.15857605177993528
dynamic,30,6,1,"tensor(5.3139, device='cuda:0')",0.0744336569579288,0.11003236245954692,0.1779935275080906,0.255663430420712,0.36245954692556637,0.44983818770226536,0.5016181229773463,0.5728155339805825,0.6051779935275081,0.6504854368932039,0.6925566343042071,0.7249190938511327,0.7637540453074434
dynamic,30,6,2,"tensor(5.3139, device='cuda:0')",0.0744336569579288,0.11003236245954692,0.1779935275080906,0.255663430420712,0.36245954692556637,0.44983818770226536,0.5016181229773463,0.5728155339805825,0.6051779935275081,0.6504854368932039,0.6925566343042071,0.7249190938511327,0.7637540453074434
dynamic,30,6,5,"tensor(5.3139, device='cuda:0')",0.0744336569579288,0.11003236245954692,0.1779935275080906,0.255663430420712,0.36245954692556637,0.44983818770226536,0.5016181229773463,0.5728155339805825,0.6051779935275081,0.6504854368932039,0.6925566343042071,0.7249190938511327,0.7637540453074434
dynamic,10,6,5,"tensor(11.9903, device='cuda:0')",0.15857605177993528,0.23300970873786409,0.2977346278317152,0.3883495145631068,0.5469255663430421,0.6537216828478964,0.7346278317152104,0.7896440129449838,0.8349514563106796,0.86084142394822,0.8996763754045307,0.8996763754045307,0.9061488673139159
total,10,6,2,"tensor(11.9903, device='cuda:0')",0.2168284789644013,0.23300970873786409
total,30,6,1,"tensor(5.3139, device='cuda:0')",0.0744336569579288
total,10,6,5,"tensor(11.9903, device='cuda:0')",0.24271844660194175,0.2815533980582524,0.2977346278317152
dynamic,10,6,10,"tensor(11.9903, device='cuda:0')",0.15857605177993528,0.23300970873786409,0.2977346278317152,0.3883495145631068,0.5469255663430421,0.6537216828478964,0.7346278317152104,0.7896440129449838,0.8349514563106796,0.86084142394822,0.8996763754045307,0.8996763754045307,0.9061488673139159
dynamic,30,6,20,"tensor(5.3139, device='cuda:0')",0.0744336569579288,0.11003236245954692,0.1779935275080906,0.255663430420712,0.36245954692556637,0.44983818770226536,0.5016181229773463,0.5728155339805825,0.6051779935275081,0.6504854368932039,0.6925566343042071,0.7249190938511327,0.7637540453074434
dynamic,30,6,10,"tensor(5.3139, device='cuda:0')",0.0744336569579288,0.11003236245954692,0.1779935275080906,0.255663430420712,0.36245954692556637,0.44983818770226536,0.5016181229773463,0.5728155339805825,0.6051779935275081,0.6504854368932039,0.6925566343042071,0.7249190938511327,0.7637540453074434
dynamic,30,6,30,"tensor(5.3139, device='cuda:0')",0.0744336569579288,0.11003236245954692,0.1779935275080906,0.255663430420712,0.36245954692556637,0.44983818770226536,0.5016181229773463,0.5728155339805825,0.6051779935275081,0.6504854368932039,0.6925566343042071,0.7249190938511327,0.7637540453074434
total,10,6,10,"tensor(11.9903, device='cuda:0')",0.3074433656957929,0.3559870550161812,0.37540453074433655,0.3883495145631068
total,30,6,20,"tensor(5.3139, device='cuda:0')",0.27184466019417475,0.3106796116504854,0.3268608414239482,0.343042071197411,0.36245954692556637
total,30,6,10,"tensor(5.3139, device='cuda:0')",0.20388349514563106,0.22330097087378642,0.23300970873786409,0.255663430420712
total,30,6,30,"tensor(5.3139, device='cuda:0')",0.31715210355987056,0.3559870550161812,0.3948220064724919,0.42071197411003236,0.43042071197411,0.44983818770226536
dynamic,10,6,20,"tensor(11.9903, device='cuda:0')",0.15857605177993528,0.23300970873786409,0.2977346278317152,0.3883495145631068,0.5469255663430421,0.6537216828478964,0.7346278317152104,0.7896440129449838,0.8349514563106796,0.86084142394822,0.8996763754045307,0.8996763754045307,0.9061488673139159
dynamic,10,6,30,"tensor(11.9903, device='cuda:0')",0.15857605177993528,0.23300970873786409,0.2977346278317152,0.3883495145631068,0.5469255663430421,0.6537216828478964,0.7346278317152104,0.7896440129449838,0.8349514563106796,0.86084142394822,0.8996763754045307,0.8996763754045307,0.9061488673139159
total,10,6,20,"tensor(11.9903, device='cuda:0')",0.4110032362459547,0.47572815533980584,0.5048543689320388,0.5242718446601942,0.5469255663430421
total,10,6,30,"tensor(11.9903, device='cuda:0')",0.46601941747572817,0.5533980582524272,0.5954692556634305,0.6181229773462783,0.6407766990291263,0.6537216828478964
dynamic,10,6,40,"tensor(11.9903, device='cuda:0')",0.15857605177993528,0.23300970873786409,0.2977346278317152,0.3883495145631068,0.5469255663430421,0.6537216828478964,0.7346278317152104,0.7896440129449838,0.8349514563106796,0.86084142394822,0.8996763754045307,0.8996763754045307,0.9061488673139159
total,10,6,40,"tensor(11.9903, device='cuda:0')",0.5080906148867314,0.6019417475728155,0.6472491909385113,0.6699029126213593,0.7087378640776699,0.7119741100323624,0.7346278317152104
dynamic,10,6,50,"tensor(11.9903, device='cuda:0')",0.15857605177993528,0.23300970873786409,0.2977346278317152,0.3883495145631068,0.5469255663430421,0.6537216828478964,0.7346278317152104,0.7896440129449838,0.8349514563106796,0.86084142394822,0.8996763754045307,0.8996763754045307,0.9061488673139159
dynamic,30,6,40,"tensor(5.3139, device='cuda:0')",0.0744336569579288,0.11003236245954692,0.1779935275080906,0.255663430420712,0.36245954692556637,0.44983818770226536,0.5016181229773463,0.5728155339805825,0.6051779935275081,0.6504854368932039,0.6925566343042071,0.7249190938511327,0.7637540453074434
dynamic,30,6,50,"tensor(5.3139, device='cuda:0')",0.0744336569579288,0.11003236245954692,0.1779935275080906,0.255663430420712,0.36245954692556637,0.44983818770226536,0.5016181229773463,0.5728155339805825,0.6051779935275081,0.6504854368932039,0.6925566343042071,0.7249190938511327,0.7637540453074434
dynamic,30,6,60,"tensor(5.3139, device='cuda:0')",0.0744336569579288,0.11003236245954692,0.1779935275080906,0.255663430420712,0.36245954692556637,0.44983818770226536,0.5016181229773463,0.5728155339805825,0.6051779935275081,0.6504854368932039,0.6925566343042071,0.7249190938511327,0.7637540453074434
dynamic,10,6,60,"tensor(11.9903, device='cuda:0')",0.15857605177993528,0.23300970873786409,0.2977346278317152,0.3883495145631068,0.5469255663430421,0.6537216828478964,0.7346278317152104,0.7896440129449838,0.8349514563106796,0.86084142394822,0.8996763754045307,0.8996763754045307,0.9061488673139159
total,10,6,50,"tensor(11.9903, device='cuda:0')",0.5469255663430421,0.6407766990291263,0.686084142394822,0.7119741100323624,0.7346278317152104,0.7540453074433657,0.7605177993527508,0.7896440129449838
total,30,6,40,"tensor(5.3139, device='cuda:0')",0.34951456310679613,0.3948220064724919,0.4336569579288026,0.459546925566343,0.47572815533980584,0.48220064724919093,0.5016181229773463
total,30,6,50,"tensor(5.3139, device='cuda:0')",0.37540453074433655,0.4336569579288026,0.48220064724919093,0.5048543689320388,0.5275080906148867,0.5339805825242718,0.5501618122977346,0.5728155339805825
total,30,6,60,"tensor(5.3139, device='cuda:0')",0.3883495145631068,0.44660194174757284,0.4919093851132686,0.5242718446601942,0.5501618122977346,0.5598705501618123,0.5760517799352751,0.5857605177993528,0.6051779935275081
total,10,6,60,"tensor(11.9903, device='cuda:0')",0.5663430420711975,0.6731391585760518,0.7152103559870551,0.7443365695792881,0.7605177993527508,0.7928802588996764,0.7993527508090615,0.8025889967637541,0.8349514563106796
dynamic,10,6,70,"tensor(11.9903, device='cuda:0')",0.15857605177993528,0.23300970873786409,0.2977346278317152,0.3883495145631068,0.5469255663430421,0.6537216828478964,0.7346278317152104,0.7896440129449838,0.8349514563106796,0.86084142394822,0.8996763754045307,0.8996763754045307,0.9061488673139159
total,10,6,70,"tensor(11.9903, device='cuda:0')",0.56957928802589,0.6796116504854369,0.7346278317152104,0.7605177993527508,0.7766990291262136,0.7993527508090615,0.8187702265372169,0.8220064724919094,0.8317152103559871,0.86084142394822
dynamic,30,6,70,"tensor(5.3139, device='cuda:0')",0.0744336569579288,0.11003236245954692,0.1779935275080906,0.255663430420712,0.36245954692556637,0.44983818770226536,0.5016181229773463,0.5728155339805825,0.6051779935275081,0.6504854368932039,0.6925566343042071,0.7249190938511327,0.7637540453074434
dynamic,30,6,90,"tensor(5.3139, device='cuda:0')",0.0744336569579288,0.11003236245954692,0.1779935275080906,0.255663430420712,0.36245954692556637,0.44983818770226536,0.5016181229773463,0.5728155339805825,0.6051779935275081,0.6504854368932039,0.6925566343042071,0.7249190938511327,0.7637540453074434
dynamic,30,6,80,"tensor(5.3139, device='cuda:0')",0.0744336569579288,0.11003236245954692,0.1779935275080906,0.255663430420712,0.36245954692556637,0.44983818770226536,0.5016181229773463,0.5728155339805825,0.6051779935275081,0.6504854368932039,0.6925566343042071,0.7249190938511327,0.7637540453074434
total,30,6,70,"tensor(5.3139, device='cuda:0')",0.4174757281553398,0.47249190938511326,0.5275080906148867,0.5566343042071198,0.5792880258899676,0.5954692556634305,0.6116504854368932,0.6245954692556634,0.6310679611650486,0.6504854368932039
dynamic,10,6,80,"tensor(11.9903, device='cuda:0')",0.15857605177993528,0.23300970873786409,0.2977346278317152,0.3883495145631068,0.5469255663430421,0.6537216828478964,0.7346278317152104,0.7896440129449838,0.8349514563106796,0.86084142394822,0.8996763754045307,0.8996763754045307,0.9061488673139159
dynamic,10,6,90,"tensor(11.9903, device='cuda:0')",0.15857605177993528,0.23300970873786409,0.2977346278317152,0.3883495145631068,0.5469255663430421,0.6537216828478964,0.7346278317152104,0.7896440129449838,0.8349514563106796,0.86084142394822,0.8996763754045307,0.8996763754045307,0.9061488673139159
total,30,6,80,"tensor(5.3139, device='cuda:0')",0.43042071197411,0.49514563106796117,0.5566343042071198,0.5825242718446602,0.6051779935275081,0.627831715210356,0.6375404530744336,0.6537216828478964,0.6699029126213593,0.6731391585760518,0.6925566343042071
total,30,6,90,"tensor(5.3139, device='cuda:0')",0.44983818770226536,0.5145631067961165,0.5792880258899676,0.6019417475728155,0.6310679611650486,0.6504854368932039,0.6601941747572816,0.6796116504854369,0.6893203883495146,0.7022653721682848,0.7055016181229773,0.7249190938511327
total,10,6,80,"tensor(11.9903, device='cuda:0')",0.5825242718446602,0.7055016181229773,0.7605177993527508,0.7896440129449838,0.8058252427184466,0.8284789644012945,0.8478964401294499,0.8543689320388349,0.86084142394822,0.8705501618122977,0.8996763754045307
total,10,6,90,"tensor(11.9903, device='cuda:0')",0.5792880258899676,0.7055016181229773,0.7605177993527508,0.7864077669902912,0.8058252427184466,0.8252427184466019,0.8317152103559871,0.8511326860841424,0.8543689320388349,0.86084142394822,0.8705501618122977,0.8996763754045307
dynamic,10,6,100,"tensor(11.9903, device='cuda:0')",0.15857605177993528,0.23300970873786409,0.2977346278317152,0.3883495145631068,0.5469255663430421,0.6537216828478964,0.7346278317152104,0.7896440129449838,0.8349514563106796,0.86084142394822,0.8996763754045307,0.8996763754045307,0.9061488673139159
dynamic,10,6,150,"tensor(11.9903, device='cuda:0')",0.15857605177993528,0.23300970873786409,0.2977346278317152,0.3883495145631068,0.5469255663430421,0.6537216828478964,0.7346278317152104,0.7896440129449838,0.8349514563106796,0.86084142394822,0.8996763754045307,0.8996763754045307,0.9061488673139159
total,10,6,100,"tensor(11.9903, device='cuda:0')",0.5728155339805825,0.7022653721682848,0.7540453074433657,0.7831715210355987,0.8058252427184466,0.8252427184466019,0.8349514563106796,0.8576051779935275,0.8576051779935275,0.8673139158576052,0.8705501618122977,0.883495145631068,0.9061488673139159
dynamic,10,6,200,"tensor(11.9903, device='cuda:0')",0.15857605177993528,0.23300970873786409,0.2977346278317152,0.3883495145631068,0.5469255663430421,0.6537216828478964,0.7346278317152104,0.7896440129449838,0.8349514563106796,0.86084142394822,0.8996763754045307,0.8996763754045307,0.9061488673139159
dynamic,30,6,100,"tensor(5.3139, device='cuda:0')",0.0744336569579288,0.11003236245954692,0.1779935275080906,0.255663430420712,0.36245954692556637,0.44983818770226536,0.5016181229773463,0.5728155339805825,0.6051779935275081,0.6504854368932039,0.6925566343042071,0.7249190938511327,0.7637540453074434
dynamic,30,6,150,"tensor(5.3139, device='cuda:0')",0.0744336569579288,0.11003236245954692,0.1779935275080906,0.255663430420712,0.36245954692556637,0.44983818770226536,0.5016181229773463,0.5728155339805825,0.6051779935275081,0.6504854368932039,0.6925566343042071,0.7249190938511327,0.7637540453074434
dynamic,30,6,200,"tensor(5.3139, device='cuda:0')",0.0744336569579288,0.11003236245954692,0.1779935275080906,0.255663430420712,0.36245954692556637,0.44983818770226536,0.5016181229773463,0.5728155339805825,0.6051779935275081,0.6504854368932039,0.6925566343042071,0.7249190938511327,0.7637540453074434
total,30,6,100,"tensor(5.3139, device='cuda:0')",0.4692556634304207,0.5339805825242718,0.6019417475728155,0.627831715210356,0.6601941747572816,0.6699029126213593,0.6893203883495146,0.6990291262135923,0.7152103559870551,0.7249190938511327,0.7411003236245954,0.7443365695792881,0.7637540453074434
dynamic,10,8,1,"tensor(11.6731, device='cuda:0')",0.15210355987055016,0.22653721682847897,0.2912621359223301,0.3948220064724919,0.5307443365695793,0.6537216828478964,0.7378640776699029,0.8058252427184466,0.8640776699029126,0.8770226537216829,0.8996763754045307,0.9061488673139159,0.912621359223301
total,10,8,1,"tensor(11.6731, device='cuda:0')",0.15210355987055016
dynamic,10,8,2,"tensor(11.6731, device='cuda:0')",0.15210355987055016,0.22653721682847897,0.2912621359223301,0.3948220064724919,0.5307443365695793,0.6537216828478964,0.7378640776699029,0.8058252427184466,0.8640776699029126,0.8770226537216829,0.8996763754045307,0.9061488673139159,0.912621359223301
dynamic,10,8,5,"tensor(11.6731, device='cuda:0')",0.15210355987055016,0.22653721682847897,0.2912621359223301,0.3948220064724919,0.5307443365695793,0.6537216828478964,0.7378640776699029,0.8058252427184466,0.8640776699029126,0.8770226537216829,0.8996763754045307,0.9061488673139159,0.912621359223301
total,10,8,2,"tensor(11.6731, device='cuda:0')",0.20064724919093851,0.22653721682847897
total,10,8,5,"tensor(11.6731, device='cuda:0')",0.23624595469255663,0.2783171521035599,0.2912621359223301
dynamic,30,8,1,"tensor(5.3625, device='cuda:0')",0.0744336569579288,0.11003236245954692,0.18122977346278318,0.2588996763754045,0.3818770226537217,0.4110032362459547,0.46601941747572817,0.49514563106796117,0.5275080906148867,0.56957928802589,0.6116504854368932,0.6537216828478964,0.6699029126213593
dynamic,30,8,2,"tensor(5.3625, device='cuda:0')",0.0744336569579288,0.11003236245954692,0.18122977346278318,0.2588996763754045,0.3818770226537217,0.4110032362459547,0.46601941747572817,0.49514563106796117,0.5275080906148867,0.56957928802589,0.6116504854368932,0.6537216828478964,0.6699029126213593
dynamic,30,8,5,"tensor(5.3625, device='cuda:0')",0.0744336569579288,0.11003236245954692,0.18122977346278318,0.2588996763754045,0.3818770226537217,0.4110032362459547,0.46601941747572817,0.49514563106796117,0.5275080906148867,0.56957928802589,0.6116504854368932,0.6537216828478964,0.6699029126213593
total,30,8,1,"tensor(5.3625, device='cuda:0')",0.0744336569579288
total,30,8,2,"tensor(5.3625, device='cuda:0')",0.10355987055016182,0.11003236245954692
total,30,8,5,"tensor(5.3625, device='cuda:0')",0.15210355987055016,0.1650485436893204,0.18122977346278318
dynamic,10,8,10,"tensor(11.6731, device='cuda:0')",0.15210355987055016,0.22653721682847897,0.2912621359223301,0.3948220064724919,0.5307443365695793,0.6537216828478964,0.7378640776699029,0.8058252427184466,0.8640776699029126,0.8770226537216829,0.8996763754045307,0.9061488673139159,0.912621359223301
dynamic,10,8,20,"tensor(11.6731, device='cuda:0')",0.15210355987055016,0.22653721682847897,0.2912621359223301,0.3948220064724919,0.5307443365695793,0.6537216828478964,0.7378640776699029,0.8058252427184466,0.8640776699029126,0.8770226537216829,0.8996763754045307,0.9061488673139159,0.912621359223301
dynamic,30,8,10,"tensor(5.3625, device='cuda:0')",0.0744336569579288,0.11003236245954692,0.18122977346278318,0.2588996763754045,0.3818770226537217,0.4110032362459547,0.46601941747572817,0.49514563106796117,0.5275080906148867,0.56957928802589,0.6116504854368932,0.6537216828478964,0.6699029126213593
dynamic,10,8,30,"tensor(11.6731, device='cuda:0')",0.15210355987055016,0.22653721682847897,0.2912621359223301,0.3948220064724919,0.5307443365695793,0.6537216828478964,0.7378640776699029,0.8058252427184466,0.8640776699029126,0.8770226537216829,0.8996763754045307,0.9061488673139159,0.912621359223301
dynamic,30,8,20,"tensor(5.3625, device='cuda:0')",0.0744336569579288,0.11003236245954692,0.18122977346278318,0.2588996763754045,0.3818770226537217,0.4110032362459547,0.46601941747572817,0.49514563106796117,0.5275080906148867,0.56957928802589,0.6116504854368932,0.6537216828478964,0.6699029126213593
total,10,8,10,"tensor(11.6731, device='cuda:0')",0.30097087378640774,0.35275080906148865,0.37540453074433655,0.3948220064724919
total,30,8,10,"tensor(5.3625, device='cuda:0')",0.21359223300970873,0.2297734627831715,0.23948220064724918,0.2588996763754045
total,10,8,20,"tensor(11.6731, device='cuda:0')",0.3786407766990291,0.44660194174757284,0.48220064724919093,0.5048543689320388,0.5307443365695793
total,30,8,20,"tensor(5.3625, device='cuda:0')",0.2977346278317152,0.32362459546925565,0.34627831715210355,0.3592233009708738,0.3818770226537217
total,10,8,30,"tensor(11.6731, device='cuda:0')",0.44660194174757284,0.5242718446601942,0.5598705501618123,0.6051779935275081,0.627831715210356,0.6537216828478964
dynamic,30,8,30,"tensor(5.3625, device='cuda:0')",0.0744336569579288,0.11003236245954692,0.18122977346278318,0.2588996763754045,0.3818770226537217,0.4110032362459547,0.46601941747572817,0.49514563106796117,0.5275080906148867,0.56957928802589,0.6116504854368932,0.6537216828478964,0.6699029126213593
total,30,8,30,"tensor(5.3625, device='cuda:0')",0.30097087378640774,0.343042071197411,0.36245954692556637,0.3851132686084142,0.3883495145631068,0.4110032362459547
dynamic,10,8,40,"tensor(11.6731, device='cuda:0')",0.15210355987055016,0.22653721682847897,0.2912621359223301,0.3948220064724919,0.5307443365695793,0.6537216828478964,0.7378640776699029,0.8058252427184466,0.8640776699029126,0.8770226537216829,0.8996763754045307,0.9061488673139159,0.912621359223301
total,10,8,40,"tensor(11.6731, device='cuda:0')",0.4919093851132686,0.5760517799352751,0.6148867313915858,0.6537216828478964,0.686084142394822,0.6990291262135923,0.7378640776699029
dynamic,10,8,50,"tensor(11.6731, device='cuda:0')",0.15210355987055016,0.22653721682847897,0.2912621359223301,0.3948220064724919,0.5307443365695793,0.6537216828478964,0.7378640776699029,0.8058252427184466,0.8640776699029126,0.8770226537216829,0.8996763754045307,0.9061488673139159,0.912621359223301
dynamic,10,8,60,"tensor(11.6731, device='cuda:0')",0.15210355987055016,0.22653721682847897,0.2912621359223301,0.3948220064724919,0.5307443365695793,0.6537216828478964,0.7378640776699029,0.8058252427184466,0.8640776699029126,0.8770226537216829,0.8996763754045307,0.9061488673139159,0.912621359223301
total,10,8,50,"tensor(11.6731, device='cuda:0')",0.5339805825242718,0.6245954692556634,0.6601941747572816,0.6990291262135923,0.7378640776699029,0.7572815533980582,0.7637540453074434,0.8058252427184466
total,10,8,60,"tensor(11.6731, device='cuda:0')",0.5663430420711975,0.6634304207119741,0.7119741100323624,0.7540453074433657,0.7896440129449838,0.8090614886731392,0.8155339805825242,0.8220064724919094,0.8640776699029126
dynamic,30,8,40,"tensor(5.3625, device='cuda:0')",0.0744336569579288,0.11003236245954692,0.18122977346278318,0.2588996763754045,0.3818770226537217,0.4110032362459547,0.46601941747572817,0.49514563106796117,0.5275080906148867,0.56957928802589,0.6116504854368932,0.6537216828478964,0.6699029126213593
total,30,8,40,"tensor(5.3625, device='cuda:0')",0.3300970873786408,0.3786407766990291,0.4045307443365696,0.43042071197411,0.44336569579288027,0.44660194174757284,0.46601941747572817
dynamic,30,8,50,"tensor(5.3625, device='cuda:0')",0.0744336569579288,0.11003236245954692,0.18122977346278318,0.2588996763754045,0.3818770226537217,0.4110032362459547,0.46601941747572817,0.49514563106796117,0.5275080906148867,0.56957928802589,0.6116504854368932,0.6537216828478964,0.6699029126213593
dynamic,30,8,60,"tensor(5.3625, device='cuda:0')",0.0744336569579288,0.11003236245954692,0.18122977346278318,0.2588996763754045,0.3818770226537217,0.4110032362459547,0.46601941747572817,0.49514563106796117,0.5275080906148867,0.56957928802589,0.6116504854368932,0.6537216828478964,0.6699029126213593
total,30,8,50,"tensor(5.3625, device='cuda:0')",0.343042071197411,0.39805825242718446,0.43042071197411,0.44983818770226536,0.46601941747572817,0.4692556634304207,0.47572815533980584,0.49514563106796117
total,30,8,60,"tensor(5.3625, device='cuda:0')",0.3559870550161812,0.4077669902912621,0.4336569579288026,0.4692556634304207,0.4886731391585761,0.49838187702265374,0.5016181229773463,0.5080906148867314,0.5275080906148867
dynamic,10,8,70,"tensor(11.6731, device='cuda:0')",0.15210355987055016,0.22653721682847897,0.2912621359223301,0.3948220064724919,0.5307443365695793,0.6537216828478964,0.7378640776699029,0.8058252427184466,0.8640776699029126,0.8770226537216829,0.8996763754045307,0.9061488673139159,0.912621359223301
dynamic,30,8,70,"tensor(5.3625, device='cuda:0')",0.0744336569579288,0.11003236245954692,0.18122977346278318,0.2588996763754045,0.3818770226537217,0.4110032362459547,0.46601941747572817,0.49514563106796117,0.5275080906148867,0.56957928802589,0.6116504854368932,0.6537216828478964,0.6699029126213593
dynamic,30,8,80,"tensor(5.3625, device='cuda:0')",0.0744336569579288,0.11003236245954692,0.18122977346278318,0.2588996763754045,0.3818770226537217,0.4110032362459547,0.46601941747572817,0.49514563106796117,0.5275080906148867,0.56957928802589,0.6116504854368932,0.6537216828478964,0.6699029126213593
dynamic,10,8,80,"tensor(11.6731, device='cuda:0')",0.15210355987055016,0.22653721682847897,0.2912621359223301,0.3948220064724919,0.5307443365695793,0.6537216828478964,0.7378640776699029,0.8058252427184466,0.8640776699029126,0.8770226537216829,0.8996763754045307,0.9061488673139159,0.912621359223301
dynamic,10,8,90,"tensor(11.6731, device='cuda:0')",0.15210355987055016,0.22653721682847897,0.2912621359223301,0.3948220064724919,0.5307443365695793,0.6537216828478964,0.7378640776699029,0.8058252427184466,0.8640776699029126,0.8770226537216829,0.8996763754045307,0.9061488673139159,0.912621359223301
dynamic,30,8,90,"tensor(5.3625, device='cuda:0')",0.0744336569579288,0.11003236245954692,0.18122977346278318,0.2588996763754045,0.3818770226537217,0.4110032362459547,0.46601941747572817,0.49514563106796117,0.5275080906148867,0.56957928802589,0.6116504854368932,0.6537216828478964,0.6699029126213593
total,30,8,70,"tensor(5.3625, device='cuda:0')",0.37540453074433655,0.42718446601941745,0.45307443365695793,0.48220064724919093,0.5080906148867314,0.5242718446601942,0.5307443365695793,0.540453074433657,0.5469255663430421,0.56957928802589
total,10,8,70,"tensor(11.6731, device='cuda:0')",0.5598705501618123,0.6699029126213593,0.7216828478964401,0.7637540453074434,0.7928802588996764,0.8090614886731392,0.8252427184466019,0.8284789644012945,0.8446601941747572,0.8770226537216829
total,30,8,80,"tensor(5.3625, device='cuda:0')",0.39805825242718446,0.4563106796116505,0.48220064724919093,0.5080906148867314,0.5339805825242718,0.5566343042071198,0.5598705501618123,0.5792880258899676,0.5792880258899676,0.5922330097087378,0.6116504854368932
total,10,8,80,"tensor(11.6731, device='cuda:0')",0.5760517799352751,0.6796116504854369,0.7411003236245954,0.7864077669902912,0.8155339805825242,0.8317152103559871,0.8446601941747572,0.8511326860841424,0.8543689320388349,0.8737864077669902,0.8996763754045307
total,30,8,90,"tensor(5.3625, device='cuda:0')",0.42071197411003236,0.4854368932038835,0.5145631067961165,0.540453074433657,0.56957928802589,0.5922330097087378,0.598705501618123,0.6019417475728155,0.6181229773462783,0.6245954692556634,0.6375404530744336,0.6537216828478964
total,10,8,90,"tensor(11.6731, device='cuda:0')",0.5825242718446602,0.6828478964401294,0.7475728155339806,0.7896440129449838,0.8220064724919094,0.8317152103559871,0.8381877022653722,0.8511326860841424,0.8576051779935275,0.8640776699029126,0.883495145631068,0.9061488673139159
dynamic,10,8,100,"tensor(11.6731, device='cuda:0')",0.15210355987055016,0.22653721682847897,0.2912621359223301,0.3948220064724919,0.5307443365695793,0.6537216828478964,0.7378640776699029,0.8058252427184466,0.8640776699029126,0.8770226537216829,0.8996763754045307,0.9061488673139159,0.912621359223301
total,10,8,100,"tensor(11.6731, device='cuda:0')",0.5825242718446602,0.6731391585760518,0.7475728155339806,0.7864077669902912,0.8155339805825242,0.8317152103559871,0.8414239482200647,0.8543689320388349,0.8640776699029126,0.8640776699029126,0.8770226537216829,0.889967637540453,0.912621359223301
dynamic,10,8,150,"tensor(11.6731, device='cuda:0')",0.15210355987055016,0.22653721682847897,0.2912621359223301,0.3948220064724919,0.5307443365695793,0.6537216828478964,0.7378640776699029,0.8058252427184466,0.8640776699029126,0.8770226537216829,0.8996763754045307,0.9061488673139159,0.912621359223301
dynamic,10,8,200,"tensor(11.6731, device='cuda:0')",0.15210355987055016,0.22653721682847897,0.2912621359223301,0.3948220064724919,0.5307443365695793,0.6537216828478964,0.7378640776699029,0.8058252427184466,0.8640776699029126,0.8770226537216829,0.8996763754045307,0.9061488673139159,0.912621359223301
dynamic,30,8,100,"tensor(5.3625, device='cuda:0')",0.0744336569579288,0.11003236245954692,0.18122977346278318,0.2588996763754045,0.3818770226537217,0.4110032362459547,0.46601941747572817,0.49514563106796117,0.5275080906148867,0.56957928802589,0.6116504854368932,0.6537216828478964,0.6699029126213593
total,30,8,100,"tensor(5.3625, device='cuda:0')",0.4336569579288026,0.49838187702265374,0.5307443365695793,0.5566343042071198,0.5825242718446602,0.6019417475728155,0.6148867313915858,0.6148867313915858,0.627831715210356,0.6375404530744336,0.6440129449838188,0.6537216828478964,0.6699029126213593
dynamic,30,8,150,"tensor(5.3625, device='cuda:0')",0.0744336569579288,0.11003236245954692,0.18122977346278318,0.2588996763754045,0.3818770226537217,0.4110032362459547,0.46601941747572817,0.49514563106796117,0.5275080906148867,0.56957928802589,0.6116504854368932,0.6537216828478964,0.6699029126213593
dynamic,30,8,200,"tensor(5.3625, device='cuda:0')",0.0744336569579288,0.11003236245954692,0.18122977346278318,0.2588996763754045,0.3818770226537217,0.4110032362459547,0.46601941747572817,0.49514563106796117,0.5275080906148867,0.56957928802589,0.6116504854368932,0.6537216828478964,0.6699029126213593
dynamic,10,10,1,"tensor(13.4531, device='cuda:0')",0.1779935275080906,0.22653721682847897,0.3268608414239482,0.39158576051779936,0.5598705501618123,0.656957928802589,0.7411003236245954,0.8220064724919094,0.8737864077669902,0.9061488673139159,0.9158576051779935,0.9223300970873787,0.9223300970873787
total,10,10,1,"tensor(13.4531, device='cuda:0')",0.1779935275080906
dynamic,10,10,2,"tensor(13.4531, device='cuda:0')",0.1779935275080906,0.22653721682847897,0.3268608414239482,0.39158576051779936,0.5598705501618123,0.656957928802589,0.7411003236245954,0.8220064724919094,0.8737864077669902,0.9061488673139159,0.9158576051779935,0.9223300970873787,0.9223300970873787
total,10,10,2,"tensor(13.4531, device='cuda:0')",0.20064724919093851,0.22653721682847897
dynamic,10,10,5,"tensor(13.4531, device='cuda:0')",0.1779935275080906,0.22653721682847897,0.3268608414239482,0.39158576051779936,0.5598705501618123,0.656957928802589,0.7411003236245954,0.8220064724919094,0.8737864077669902,0.9061488673139159,0.9158576051779935,0.9223300970873787,0.9223300970873787
dynamic,30,10,1,"tensor(7.4337, device='cuda:0')",0.08414239482200647,0.13268608414239483,0.2297734627831715,0.3300970873786408,0.4692556634304207,0.5307443365695793,0.5792880258899676,0.6116504854368932,0.6440129449838188,0.6796116504854369,0.7216828478964401,0.7702265372168284,0.8187702265372169
dynamic,30,10,2,"tensor(7.4337, device='cuda:0')",0.08414239482200647,0.13268608414239483,0.2297734627831715,0.3300970873786408,0.4692556634304207,0.5307443365695793,0.5792880258899676,0.6116504854368932,0.6440129449838188,0.6796116504854369,0.7216828478964401,0.7702265372168284,0.8187702265372169
total,10,10,5,"tensor(13.4531, device='cuda:0')",0.27184466019417475,0.3074433656957929,0.3268608414239482
dynamic,30,10,5,"tensor(7.4337, device='cuda:0')",0.08414239482200647,0.13268608414239483,0.2297734627831715,0.3300970873786408,0.4692556634304207,0.5307443365695793,0.5792880258899676,0.6116504854368932,0.6440129449838188,0.6796116504854369,0.7216828478964401,0.7702265372168284,0.8187702265372169
total,30,10,1,"tensor(7.4337, device='cuda:0')",0.08414239482200647
total,30,10,2,"tensor(7.4337, device='cuda:0')",0.12297734627831715,0.13268608414239483
total,30,10,5,"tensor(7.4337, device='cuda:0')",0.20064724919093851,0.21359223300970873,0.2297734627831715
dynamic,10,10,10,"tensor(13.4531, device='cuda:0')",0.1779935275080906,0.22653721682847897,0.3268608414239482,0.39158576051779936,0.5598705501618123,0.656957928802589,0.7411003236245954,0.8220064724919094,0.8737864077669902,0.9061488673139159,0.9158576051779935,0.9223300970873787,0.9223300970873787
total,10,10,10,"tensor(13.4531, device='cuda:0')",0.3106796116504854,0.3559870550161812,0.37540453074433655,0.39158576051779936
dynamic,10,10,20,"tensor(13.4531, device='cuda:0')",0.1779935275080906,0.22653721682847897,0.3268608414239482,0.39158576051779936,0.5598705501618123,0.656957928802589,0.7411003236245954,0.8220064724919094,0.8737864077669902,0.9061488673139159,0.9158576051779935,0.9223300970873787,0.9223300970873787
dynamic,10,10,30,"tensor(13.4531, device='cuda:0')",0.1779935275080906,0.22653721682847897,0.3268608414239482,0.39158576051779936,0.5598705501618123,0.656957928802589,0.7411003236245954,0.8220064724919094,0.8737864077669902,0.9061488673139159,0.9158576051779935,0.9223300970873787,0.9223300970873787
total,10,10,20,"tensor(13.4531, device='cuda:0')",0.4110032362459547,0.47249190938511326,0.511326860841424,0.5307443365695793,0.5598705501618123
total,10,10,30,"tensor(13.4531, device='cuda:0')",0.46601941747572817,0.540453074433657,0.5857605177993528,0.6051779935275081,0.6375404530744336,0.656957928802589
dynamic,30,10,10,"tensor(7.4337, device='cuda:0')",0.08414239482200647,0.13268608414239483,0.2297734627831715,0.3300970873786408,0.4692556634304207,0.5307443365695793,0.5792880258899676,0.6116504854368932,0.6440129449838188,0.6796116504854369,0.7216828478964401,0.7702265372168284,0.8187702265372169
total,30,10,10,"tensor(7.4337, device='cuda:0')",0.2750809061488673,0.29449838187702265,0.3106796116504854,0.3300970873786408
dynamic,30,10,20,"tensor(7.4337, device='cuda:0')",0.08414239482200647,0.13268608414239483,0.2297734627831715,0.3300970873786408,0.4692556634304207,0.5307443365695793,0.5792880258899676,0.6116504854368932,0.6440129449838188,0.6796116504854369,0.7216828478964401,0.7702265372168284,0.8187702265372169
dynamic,30,10,30,"tensor(7.4337, device='cuda:0')",0.08414239482200647,0.13268608414239483,0.2297734627831715,0.3300970873786408,0.4692556634304207,0.5307443365695793,0.5792880258899676,0.6116504854368932,0.6440129449838188,0.6796116504854369,0.7216828478964401,0.7702265372168284,0.8187702265372169
total,30,10,20,"tensor(7.4337, device='cuda:0')",0.35275080906148865,0.3851132686084142,0.4174757281553398,0.4336569579288026,0.4692556634304207
total,30,10,30,"tensor(7.4337, device='cuda:0')",0.3818770226537217,0.42394822006472493,0.45307443365695793,0.4854368932038835,0.49838187702265374,0.5307443365695793
dynamic,10,10,40,"tensor(13.4531, device='cuda:0')",0.1779935275080906,0.22653721682847897,0.3268608414239482,0.39158576051779936,0.5598705501618123,0.656957928802589,0.7411003236245954,0.8220064724919094,0.8737864077669902,0.9061488673139159,0.9158576051779935,0.9223300970873787,0.9223300970873787
total,10,10,40,"tensor(13.4531, device='cuda:0')",0.5145631067961165,0.5889967637540453,0.6407766990291263,0.6731391585760518,0.7055016181229773,0.7216828478964401,0.7411003236245954
dynamic,10,10,50,"tensor(13.4531, device='cuda:0')",0.1779935275080906,0.22653721682847897,0.3268608414239482,0.39158576051779936,0.5598705501618123,0.656957928802589,0.7411003236245954,0.8220064724919094,0.8737864077669902,0.9061488673139159,0.9158576051779935,0.9223300970873787,0.9223300970873787
dynamic,10,10,60,"tensor(13.4531, device='cuda:0')",0.1779935275080906,0.22653721682847897,0.3268608414239482,0.39158576051779936,0.5598705501618123,0.656957928802589,0.7411003236245954,0.8220064724919094,0.8737864077669902,0.9061488673139159,0.9158576051779935,0.9223300970873787,0.9223300970873787
total,10,10,50,"tensor(13.4531, device='cuda:0')",0.5533980582524272,0.6343042071197411,0.6957928802588996,0.7313915857605178,0.7637540453074434,0.7864077669902912,0.7993527508090615,0.8220064724919094
total,10,10,60,"tensor(13.4531, device='cuda:0')",0.5760517799352751,0.6634304207119741,0.7216828478964401,0.7572815533980582,0.7896440129449838,0.8155339805825242,0.8284789644012945,0.8414239482200647,0.8737864077669902
dynamic,30,10,50,"tensor(7.4337, device='cuda:0')",0.08414239482200647,0.13268608414239483,0.2297734627831715,0.3300970873786408,0.4692556634304207,0.5307443365695793,0.5792880258899676,0.6116504854368932,0.6440129449838188,0.6796116504854369,0.7216828478964401,0.7702265372168284,0.8187702265372169
dynamic,30,10,40,"tensor(7.4337, device='cuda:0')",0.08414239482200647,0.13268608414239483,0.2297734627831715,0.3300970873786408,0.4692556634304207,0.5307443365695793,0.5792880258899676,0.6116504854368932,0.6440129449838188,0.6796116504854369,0.7216828478964401,0.7702265372168284,0.8187702265372169
dynamic,30,10,60,"tensor(7.4337, device='cuda:0')",0.08414239482200647,0.13268608414239483,0.2297734627831715,0.3300970873786408,0.4692556634304207,0.5307443365695793,0.5792880258899676,0.6116504854368932,0.6440129449838188,0.6796116504854369,0.7216828478964401,0.7702265372168284,0.8187702265372169
total,30,10,50,"tensor(7.4337, device='cuda:0')",0.42718446601941745,0.47249190938511326,0.5048543689320388,0.540453074433657,0.5566343042071198,0.5728155339805825,0.5889967637540453,0.6116504854368932
total,30,10,40,"tensor(7.4337, device='cuda:0')",0.41423948220064727,0.45307443365695793,0.4854368932038835,0.5210355987055016,0.5307443365695793,0.5501618122977346,0.5792880258899676
total,30,10,60,"tensor(7.4337, device='cuda:0')",0.44983818770226536,0.49838187702265374,0.5242718446601942,0.5663430420711975,0.5889967637540453,0.5954692556634305,0.6051779935275081,0.6245954692556634,0.6440129449838188
dynamic,10,10,70,"tensor(13.4531, device='cuda:0')",0.1779935275080906,0.22653721682847897,0.3268608414239482,0.39158576051779936,0.5598705501618123,0.656957928802589,0.7411003236245954,0.8220064724919094,0.8737864077669902,0.9061488673139159,0.9158576051779935,0.9223300970873787,0.9223300970873787
total,10,10,70,"tensor(13.4531, device='cuda:0')",0.5922330097087378,0.6699029126213593,0.7378640776699029,0.7799352750809061,0.8058252427184466,0.8284789644012945,0.8446601941747572,0.86084142394822,0.8705501618122977,0.9061488673139159
dynamic,30,10,70,"tensor(7.4337, device='cuda:0')",0.08414239482200647,0.13268608414239483,0.2297734627831715,0.3300970873786408,0.4692556634304207,0.5307443365695793,0.5792880258899676,0.6116504854368932,0.6440129449838188,0.6796116504854369,0.7216828478964401,0.7702265372168284,0.8187702265372169
dynamic,10,10,80,"tensor(13.4531, device='cuda:0')",0.1779935275080906,0.22653721682847897,0.3268608414239482,0.39158576051779936,0.5598705501618123,0.656957928802589,0.7411003236245954,0.8220064724919094,0.8737864077669902,0.9061488673139159,0.9158576051779935,0.9223300970873787,0.9223300970873787
dynamic,10,10,90,"tensor(13.4531, device='cuda:0')",0.1779935275080906,0.22653721682847897,0.3268608414239482,0.39158576051779936,0.5598705501618123,0.656957928802589,0.7411003236245954,0.8220064724919094,0.8737864077669902,0.9061488673139159,0.9158576051779935,0.9223300970873787,0.9223300970873787
total,30,10,70,"tensor(7.4337, device='cuda:0')",0.4692556634304207,0.5210355987055016,0.5501618122977346,0.5889967637540453,0.6181229773462783,0.6181229773462783,0.6343042071197411,0.6407766990291263,0.6601941747572816,0.6796116504854369
total,10,10,80,"tensor(13.4531, device='cuda:0')",0.5922330097087378,0.6731391585760518,0.7475728155339806,0.7864077669902912,0.8122977346278317,0.8349514563106796,0.8511326860841424,0.8640776699029126,0.8737864077669902,0.8802588996763754,0.9158576051779935
total,10,10,90,"tensor(13.4531, device='cuda:0')",0.5922330097087378,0.6763754045307443,0.7508090614886731,0.7864077669902912,0.8122977346278317,0.8349514563106796,0.8478964401294499,0.8576051779935275,0.8737864077669902,0.883495145631068,0.8932038834951457,0.9223300970873787
dynamic,30,10,80,"tensor(7.4337, device='cuda:0')",0.08414239482200647,0.13268608414239483,0.2297734627831715,0.3300970873786408,0.4692556634304207,0.5307443365695793,0.5792880258899676,0.6116504854368932,0.6440129449838188,0.6796116504854369,0.7216828478964401,0.7702265372168284,0.8187702265372169
dynamic,30,10,90,"tensor(7.4337, device='cuda:0')",0.08414239482200647,0.13268608414239483,0.2297734627831715,0.3300970873786408,0.4692556634304207,0.5307443365695793,0.5792880258899676,0.6116504854368932,0.6440129449838188,0.6796116504854369,0.7216828478964401,0.7702265372168284,0.8187702265372169
total,30,10,80,"tensor(7.4337, device='cuda:0')",0.49514563106796117,0.5469255663430421,0.5728155339805825,0.6213592233009708,0.6407766990291263,0.656957928802589,0.6634304207119741,0.6731391585760518,0.6828478964401294,0.7022653721682848,0.7216828478964401
total,30,10,90,"tensor(7.4337, device='cuda:0')",0.5048543689320388,0.56957928802589,0.6051779935275081,0.6537216828478964,0.6731391585760518,0.6957928802588996,0.6957928802588996,0.7055016181229773,0.7184466019417476,0.7378640776699029,0.7540453074433657,0.7702265372168284
dynamic,10,10,100,"tensor(13.4531, device='cuda:0')",0.1779935275080906,0.22653721682847897,0.3268608414239482,0.39158576051779936,0.5598705501618123,0.656957928802589,0.7411003236245954,0.8220064724919094,0.8737864077669902,0.9061488673139159,0.9158576051779935,0.9223300970873787,0.9223300970873787
total,10,10,100,"tensor(13.4531, device='cuda:0')",0.5922330097087378,0.6763754045307443,0.7508090614886731,0.7864077669902912,0.8090614886731392,0.8317152103559871,0.8446601941747572,0.8576051779935275,0.8673139158576052,0.8770226537216829,0.8867313915857605,0.9029126213592233,0.9223300970873787
dynamic,10,10,150,"tensor(13.4531, device='cuda:0')",0.1779935275080906,0.22653721682847897,0.3268608414239482,0.39158576051779936,0.5598705501618123,0.656957928802589,0.7411003236245954,0.8220064724919094,0.8737864077669902,0.9061488673139159,0.9158576051779935,0.9223300970873787,0.9223300970873787
dynamic,10,10,200,"tensor(13.4531, device='cuda:0')",0.1779935275080906,0.22653721682847897,0.3268608414239482,0.39158576051779936,0.5598705501618123,0.656957928802589,0.7411003236245954,0.8220064724919094,0.8737864077669902,0.9061488673139159,0.9158576051779935,0.9223300970873787,0.9223300970873787
dynamic,30,10,100,"tensor(7.4337, device='cuda:0')",0.08414239482200647,0.13268608414239483,0.2297734627831715,0.3300970873786408,0.4692556634304207,0.5307443365695793,0.5792880258899676,0.6116504854368932,0.6440129449838188,0.6796116504854369,0.7216828478964401,0.7702265372168284,0.8187702265372169
dynamic,30,10,150,"tensor(7.4337, device='cuda:0')",0.08414239482200647,0.13268608414239483,0.2297734627831715,0.3300970873786408,0.4692556634304207,0.5307443365695793,0.5792880258899676,0.6116504854368932,0.6440129449838188,0.6796116504854369,0.7216828478964401,0.7702265372168284,0.8187702265372169
dynamic,30,10,200,"tensor(7.4337, device='cuda:0')",0.08414239482200647,0.13268608414239483,0.2297734627831715,0.3300970873786408,0.4692556634304207,0.5307443365695793,0.5792880258899676,0.6116504854368932,0.6440129449838188,0.6796116504854369,0.7216828478964401,0.7702265372168284,0.8187702265372169
total,30,10,100,"tensor(7.4337, device='cuda:0')",0.5242718446601942,0.5954692556634305,0.6343042071197411,0.6763754045307443,0.7055016181229773,0.7281553398058253,0.7346278317152104,0.7346278317152104,0.7572815533980582,0.7702265372168284,0.7864077669902912,0.8058252427184466,0.8187702265372169
dynamic,20,6,1,"tensor(11.5340, device='cuda:0')",0.1488673139158576,0.20711974110032363,0.2783171521035599,0.36245954692556637,0.5210355987055016,0.6343042071197411,0.7055016181229773,0.7669902912621359,0.8122977346278317,0.8446601941747572,0.8802588996763754,0.889967637540453,0.9061488673139159
total,20,6,1,"tensor(11.5340, device='cuda:0')",0.1488673139158576
dynamic,20,6,5,"tensor(11.5340, device='cuda:0')",0.1488673139158576,0.20711974110032363,0.2783171521035599,0.36245954692556637,0.5210355987055016,0.6343042071197411,0.7055016181229773,0.7669902912621359,0.8122977346278317,0.8446601941747572,0.8802588996763754,0.889967637540453,0.9061488673139159
dynamic,20,6,2,"tensor(11.5340, device='cuda:0')",0.1488673139158576,0.20711974110032363,0.2783171521035599,0.36245954692556637,0.5210355987055016,0.6343042071197411,0.7055016181229773,0.7669902912621359,0.8122977346278317,0.8446601941747572,0.8802588996763754,0.889967637540453,0.9061488673139159
total,20,6,2,"tensor(11.5340, device='cuda:0')",0.18770226537216828,0.20711974110032363
total,20,6,5,"tensor(11.5340, device='cuda:0')",0.2297734627831715,0.26537216828478966,0.2783171521035599
dynamic,40,6,1,"tensor(4.7476, device='cuda:0')",0.06472491909385113,0.09061488673139159,0.16181229773462782,0.23948220064724918,0.3559870550161812,0.42394822006472493,0.47249190938511326,0.5501618122977346,0.5922330097087378,0.656957928802589,0.7281553398058253,0.7864077669902912,0.8446601941747572
total,40,6,1,"tensor(4.7476, device='cuda:0')",0.06472491909385113
dynamic,40,6,2,"tensor(4.7476, device='cuda:0')",0.06472491909385113,0.09061488673139159,0.16181229773462782,0.23948220064724918,0.3559870550161812,0.42394822006472493,0.47249190938511326,0.5501618122977346,0.5922330097087378,0.656957928802589,0.7281553398058253,0.7864077669902912,0.8446601941747572
dynamic,40,6,5,"tensor(4.7476, device='cuda:0')",0.06472491909385113,0.09061488673139159,0.16181229773462782,0.23948220064724918,0.3559870550161812,0.42394822006472493,0.47249190938511326,0.5501618122977346,0.5922330097087378,0.656957928802589,0.7281553398058253,0.7864077669902912,0.8446601941747572
dynamic,20,6,10,"tensor(11.5340, device='cuda:0')",0.1488673139158576,0.20711974110032363,0.2783171521035599,0.36245954692556637,0.5210355987055016,0.6343042071197411,0.7055016181229773,0.7669902912621359,0.8122977346278317,0.8446601941747572,0.8802588996763754,0.889967637540453,0.9061488673139159
total,20,6,10,"tensor(11.5340, device='cuda:0')",0.2815533980582524,0.32038834951456313,0.34951456310679613,0.36245954692556637
dynamic,20,6,20,"tensor(11.5340, device='cuda:0')",0.1488673139158576,0.20711974110032363,0.2783171521035599,0.36245954692556637,0.5210355987055016,0.6343042071197411,0.7055016181229773,0.7669902912621359,0.8122977346278317,0.8446601941747572,0.8802588996763754,0.889967637540453,0.9061488673139159
dynamic,20,6,30,"tensor(11.5340, device='cuda:0')",0.1488673139158576,0.20711974110032363,0.2783171521035599,0.36245954692556637,0.5210355987055016,0.6343042071197411,0.7055016181229773,0.7669902912621359,0.8122977346278317,0.8446601941747572,0.8802588996763754,0.889967637540453,0.9061488673139159
total,20,6,20,"tensor(11.5340, device='cuda:0')",0.3948220064724919,0.44336569579288027,0.48220064724919093,0.5080906148867314,0.5210355987055016
total,20,6,30,"tensor(11.5340, device='cuda:0')",0.4563106796116505,0.517799352750809,0.5631067961165048,0.5954692556634305,0.6181229773462783,0.6343042071197411
dynamic,40,6,10,"tensor(4.7476, device='cuda:0')",0.06472491909385113,0.09061488673139159,0.16181229773462782,0.23948220064724918,0.3559870550161812,0.42394822006472493,0.47249190938511326,0.5501618122977346,0.5922330097087378,0.656957928802589,0.7281553398058253,0.7864077669902912,0.8446601941747572
dynamic,40,6,20,"tensor(4.7476, device='cuda:0')",0.06472491909385113,0.09061488673139159,0.16181229773462782,0.23948220064724918,0.3559870550161812,0.42394822006472493,0.47249190938511326,0.5501618122977346,0.5922330097087378,0.656957928802589,0.7281553398058253,0.7864077669902912,0.8446601941747572
total,40,6,10,"tensor(4.7476, device='cuda:0')",0.18770226537216828,0.20711974110032363,0.22330097087378642,0.23948220064724918
total,40,6,20,"tensor(4.7476, device='cuda:0')",0.2588996763754045,0.2912621359223301,0.32362459546925565,0.33980582524271846,0.3559870550161812
dynamic,40,6,30,"tensor(4.7476, device='cuda:0')",0.06472491909385113,0.09061488673139159,0.16181229773462782,0.23948220064724918,0.3559870550161812,0.42394822006472493,0.47249190938511326,0.5501618122977346,0.5922330097087378,0.656957928802589,0.7281553398058253,0.7864077669902912,0.8446601941747572
total,40,6,30,"tensor(4.7476, device='cuda:0')",0.2977346278317152,0.34627831715210355,0.3786407766990291,0.40129449838187703,0.4077669902912621,0.42394822006472493
dynamic,20,6,40,"tensor(11.5340, device='cuda:0')",0.1488673139158576,0.20711974110032363,0.2783171521035599,0.36245954692556637,0.5210355987055016,0.6343042071197411,0.7055016181229773,0.7669902912621359,0.8122977346278317,0.8446601941747572,0.8802588996763754,0.889967637540453,0.9061488673139159
total,20,6,40,"tensor(11.5340, device='cuda:0')",0.49514563106796117,0.5501618122977346,0.6084142394822006,0.6440129449838188,0.6731391585760518,0.6893203883495146,0.7055016181229773
dynamic,20,6,60,"tensor(11.5340, device='cuda:0')",0.1488673139158576,0.20711974110032363,0.2783171521035599,0.36245954692556637,0.5210355987055016,0.6343042071197411,0.7055016181229773,0.7669902912621359,0.8122977346278317,0.8446601941747572,0.8802588996763754,0.889967637540453,0.9061488673139159
dynamic,20,6,50,"tensor(11.5340, device='cuda:0')",0.1488673139158576,0.20711974110032363,0.2783171521035599,0.36245954692556637,0.5210355987055016,0.6343042071197411,0.7055016181229773,0.7669902912621359,0.8122977346278317,0.8446601941747572,0.8802588996763754,0.889967637540453,0.9061488673139159
total,20,6,60,"tensor(11.5340, device='cuda:0')",0.5598705501618123,0.6213592233009708,0.6763754045307443,0.7152103559870551,0.7540453074433657,0.7669902912621359,0.7734627831715211,0.7831715210355987,0.8122977346278317
total,20,6,50,"tensor(11.5340, device='cuda:0')",0.5307443365695793,0.5857605177993528,0.6472491909385113,0.6828478964401294,0.7184466019417476,0.7313915857605178,0.7378640776699029,0.7669902912621359
dynamic,40,6,40,"tensor(4.7476, device='cuda:0')",0.06472491909385113,0.09061488673139159,0.16181229773462782,0.23948220064724918,0.3559870550161812,0.42394822006472493,0.47249190938511326,0.5501618122977346,0.5922330097087378,0.656957928802589,0.7281553398058253,0.7864077669902912,0.8446601941747572
total,40,6,40,"tensor(4.7476, device='cuda:0')",0.32362459546925565,0.37540453074433655,0.4045307443365696,0.4368932038834951,0.44660194174757284,0.45307443365695793,0.47249190938511326
dynamic,40,6,50,"tensor(4.7476, device='cuda:0')",0.06472491909385113,0.09061488673139159,0.16181229773462782,0.23948220064724918,0.3559870550161812,0.42394822006472493,0.47249190938511326,0.5501618122977346,0.5922330097087378,0.656957928802589,0.7281553398058253,0.7864077669902912,0.8446601941747572
dynamic,40,6,60,"tensor(4.7476, device='cuda:0')",0.06472491909385113,0.09061488673139159,0.16181229773462782,0.23948220064724918,0.3559870550161812,0.42394822006472493,0.47249190938511326,0.5501618122977346,0.5922330097087378,0.656957928802589,0.7281553398058253,0.7864077669902912,0.8446601941747572
total,40,6,50,"tensor(4.7476, device='cuda:0')",0.36245954692556637,0.4110032362459547,0.44660194174757284,0.4854368932038835,0.5080906148867314,0.517799352750809,0.5275080906148867,0.5501618122977346
total,40,6,60,"tensor(4.7476, device='cuda:0')",0.3818770226537217,0.4368932038834951,0.4692556634304207,0.5145631067961165,0.5372168284789643,0.5501618122977346,0.5663430420711975,0.56957928802589,0.5922330097087378
dynamic,20,6,70,"tensor(11.5340, device='cuda:0')",0.1488673139158576,0.20711974110032363,0.2783171521035599,0.36245954692556637,0.5210355987055016,0.6343042071197411,0.7055016181229773,0.7669902912621359,0.8122977346278317,0.8446601941747572,0.8802588996763754,0.889967637540453,0.9061488673139159
dynamic,20,6,80,"tensor(11.5340, device='cuda:0')",0.1488673139158576,0.20711974110032363,0.2783171521035599,0.36245954692556637,0.5210355987055016,0.6343042071197411,0.7055016181229773,0.7669902912621359,0.8122977346278317,0.8446601941747572,0.8802588996763754,0.889967637540453,0.9061488673139159
total,20,6,70,"tensor(11.5340, device='cuda:0')",0.5760517799352751,0.6407766990291263,0.6990291262135923,0.7411003236245954,0.7864077669902912,0.7961165048543689,0.8058252427184466,0.8090614886731392,0.8155339805825242,0.8446601941747572
dynamic,20,6,90,"tensor(11.5340, device='cuda:0')",0.1488673139158576,0.20711974110032363,0.2783171521035599,0.36245954692556637,0.5210355987055016,0.6343042071197411,0.7055016181229773,0.7669902912621359,0.8122977346278317,0.8446601941747572,0.8802588996763754,0.889967637540453,0.9061488673139159
total,20,6,80,"tensor(11.5340, device='cuda:0')",0.598705501618123,0.6699029126213593,0.7281553398058253,0.7637540453074434,0.8025889967637541,0.8220064724919094,0.8317152103559871,0.8381877022653722,0.8478964401294499,0.8543689320388349,0.8802588996763754
total,20,6,90,"tensor(11.5340, device='cuda:0')",0.6019417475728155,0.6699029126213593,0.7249190938511327,0.7669902912621359,0.8058252427184466,0.8220064724919094,0.8284789644012945,0.8381877022653722,0.8446601941747572,0.8543689320388349,0.8673139158576052,0.889967637540453
dynamic,40,6,70,"tensor(4.7476, device='cuda:0')",0.06472491909385113,0.09061488673139159,0.16181229773462782,0.23948220064724918,0.3559870550161812,0.42394822006472493,0.47249190938511326,0.5501618122977346,0.5922330097087378,0.656957928802589,0.7281553398058253,0.7864077669902912,0.8446601941747572
dynamic,40,6,80,"tensor(4.7476, device='cuda:0')",0.06472491909385113,0.09061488673139159,0.16181229773462782,0.23948220064724918,0.3559870550161812,0.42394822006472493,0.47249190938511326,0.5501618122977346,0.5922330097087378,0.656957928802589,0.7281553398058253,0.7864077669902912,0.8446601941747572
total,40,6,70,"tensor(4.7476, device='cuda:0')",0.4077669902912621,0.47572815533980584,0.517799352750809,0.5598705501618123,0.5825242718446602,0.6116504854368932,0.6213592233009708,0.6343042071197411,0.6375404530744336,0.656957928802589
dynamic,40,6,90,"tensor(4.7476, device='cuda:0')",0.06472491909385113,0.09061488673139159,0.16181229773462782,0.23948220064724918,0.3559870550161812,0.42394822006472493,0.47249190938511326,0.5501618122977346,0.5922330097087378,0.656957928802589,0.7281553398058253,0.7864077669902912,0.8446601941747572
total,40,6,80,"tensor(4.7476, device='cuda:0')",0.44983818770226536,0.5275080906148867,0.5760517799352751,0.6084142394822006,0.6407766990291263,0.656957928802589,0.6796116504854369,0.686084142394822,0.7022653721682848,0.7087378640776699,0.7281553398058253
total,40,6,90,"tensor(4.7476, device='cuda:0')",0.4854368932038835,0.5598705501618123,0.6213592233009708,0.6472491909385113,0.6796116504854369,0.6957928802588996,0.7184466019417476,0.7313915857605178,0.7508090614886731,0.7540453074433657,0.7669902912621359,0.7864077669902912
dynamic,20,6,100,"tensor(11.5340, device='cuda:0')",0.1488673139158576,0.20711974110032363,0.2783171521035599,0.36245954692556637,0.5210355987055016,0.6343042071197411,0.7055016181229773,0.7669902912621359,0.8122977346278317,0.8446601941747572,0.8802588996763754,0.889967637540453,0.9061488673139159
total,20,6,100,"tensor(11.5340, device='cuda:0')",0.6084142394822006,0.6763754045307443,0.7346278317152104,0.7702265372168284,0.8155339805825242,0.8349514563106796,0.8414239482200647,0.8511326860841424,0.86084142394822,0.8640776699029126,0.8705501618122977,0.8867313915857605,0.9061488673139159
dynamic,20,6,150,"tensor(11.5340, device='cuda:0')",0.1488673139158576,0.20711974110032363,0.2783171521035599,0.36245954692556637,0.5210355987055016,0.6343042071197411,0.7055016181229773,0.7669902912621359,0.8122977346278317,0.8446601941747572,0.8802588996763754,0.889967637540453,0.9061488673139159
dynamic,20,6,200,"tensor(11.5340, device='cuda:0')",0.1488673139158576,0.20711974110032363,0.2783171521035599,0.36245954692556637,0.5210355987055016,0.6343042071197411,0.7055016181229773,0.7669902912621359,0.8122977346278317,0.8446601941747572,0.8802588996763754,0.889967637540453,0.9061488673139159
dynamic,40,6,100,"tensor(4.7476, device='cuda:0')",0.06472491909385113,0.09061488673139159,0.16181229773462782,0.23948220064724918,0.3559870550161812,0.42394822006472493,0.47249190938511326,0.5501618122977346,0.5922330097087378,0.656957928802589,0.7281553398058253,0.7864077669902912,0.8446601941747572
total,40,6,100,"tensor(4.7476, device='cuda:0')",0.517799352750809,0.6019417475728155,0.6601941747572816,0.6957928802588996,0.7281553398058253,0.7443365695792881,0.7637540453074434,0.7799352750809061,0.7896440129449838,0.8058252427184466,0.8090614886731392,0.8252427184466019,0.8446601941747572
dynamic,40,6,150,"tensor(4.7476, device='cuda:0')",0.06472491909385113,0.09061488673139159,0.16181229773462782,0.23948220064724918,0.3559870550161812,0.42394822006472493,0.47249190938511326,0.5501618122977346,0.5922330097087378,0.656957928802589,0.7281553398058253,0.7864077669902912,0.8446601941747572
dynamic,40,6,200,"tensor(4.7476, device='cuda:0')",0.06472491909385113,0.09061488673139159,0.16181229773462782,0.23948220064724918,0.3559870550161812,0.42394822006472493,0.47249190938511326,0.5501618122977346,0.5922330097087378,0.656957928802589,0.7281553398058253,0.7864077669902912,0.8446601941747572
dynamic,20,8,1,"tensor(12.0032, device='cuda:0')",0.13915857605177995,0.22006472491909385,0.3268608414239482,0.42071197411003236,0.5728155339805825,0.6375404530744336,0.7087378640776699,0.7702265372168284,0.8122977346278317,0.8446601941747572,0.8867313915857605,0.912621359223301,0.9255663430420712
total,20,8,1,"tensor(12.0032, device='cuda:0')",0.13915857605177995
dynamic,20,8,2,"tensor(12.0032, device='cuda:0')",0.13915857605177995,0.22006472491909385,0.3268608414239482,0.42071197411003236,0.5728155339805825,0.6375404530744336,0.7087378640776699,0.7702265372168284,0.8122977346278317,0.8446601941747572,0.8867313915857605,0.912621359223301,0.9255663430420712
total,20,8,2,"tensor(12.0032, device='cuda:0')",0.1941747572815534,0.22006472491909385
dynamic,20,8,5,"tensor(12.0032, device='cuda:0')",0.13915857605177995,0.22006472491909385,0.3268608414239482,0.42071197411003236,0.5728155339805825,0.6375404530744336,0.7087378640776699,0.7702265372168284,0.8122977346278317,0.8446601941747572,0.8867313915857605,0.912621359223301,0.9255663430420712
total,20,8,5,"tensor(12.0032, device='cuda:0')",0.26537216828478966,0.3106796116504854,0.3268608414239482
dynamic,40,8,1,"tensor(5.1100, device='cuda:0')",0.05177993527508091,0.08090614886731391,0.17475728155339806,0.2686084142394822,0.41423948220064727,0.47249190938511326,0.517799352750809,0.5889967637540453,0.6472491909385113,0.7281553398058253,0.7766990291262136,0.7993527508090615,0.8349514563106796
dynamic,40,8,2,"tensor(5.1100, device='cuda:0')",0.05177993527508091,0.08090614886731391,0.17475728155339806,0.2686084142394822,0.41423948220064727,0.47249190938511326,0.517799352750809,0.5889967637540453,0.6472491909385113,0.7281553398058253,0.7766990291262136,0.7993527508090615,0.8349514563106796
total,40,8,1,"tensor(5.1100, device='cuda:0')",0.05177993527508091
dynamic,40,8,5,"tensor(5.1100, device='cuda:0')",0.05177993527508091,0.08090614886731391,0.17475728155339806,0.2686084142394822,0.41423948220064727,0.47249190938511326,0.517799352750809,0.5889967637540453,0.6472491909385113,0.7281553398058253,0.7766990291262136,0.7993527508090615,0.8349514563106796
total,40,8,2,"tensor(5.1100, device='cuda:0')",0.0744336569579288,0.08090614886731391
total,40,8,5,"tensor(5.1100, device='cuda:0')",0.1488673139158576,0.16181229773462782,0.17475728155339806
dynamic,20,8,10,"tensor(12.0032, device='cuda:0')",0.13915857605177995,0.22006472491909385,0.3268608414239482,0.42071197411003236,0.5728155339805825,0.6375404530744336,0.7087378640776699,0.7702265372168284,0.8122977346278317,0.8446601941747572,0.8867313915857605,0.912621359223301,0.9255663430420712
total,20,8,10,"tensor(12.0032, device='cuda:0')",0.3365695792880259,0.3786407766990291,0.4045307443365696,0.42071197411003236
dynamic,20,8,20,"tensor(12.0032, device='cuda:0')",0.13915857605177995,0.22006472491909385,0.3268608414239482,0.42071197411003236,0.5728155339805825,0.6375404530744336,0.7087378640776699,0.7702265372168284,0.8122977346278317,0.8446601941747572,0.8867313915857605,0.912621359223301,0.9255663430420712
dynamic,20,8,30,"tensor(12.0032, device='cuda:0')",0.13915857605177995,0.22006472491909385,0.3268608414239482,0.42071197411003236,0.5728155339805825,0.6375404530744336,0.7087378640776699,0.7702265372168284,0.8122977346278317,0.8446601941747572,0.8867313915857605,0.912621359223301,0.9255663430420712
total,20,8,20,"tensor(12.0032, device='cuda:0')",0.43042071197411,0.4886731391585761,0.5210355987055016,0.5469255663430421,0.5728155339805825
total,20,8,30,"tensor(12.0032, device='cuda:0')",0.44660194174757284,0.5242718446601942,0.5566343042071198,0.5922330097087378,0.6181229773462783,0.6375404530744336
dynamic,40,8,10,"tensor(5.1100, device='cuda:0')",0.05177993527508091,0.08090614886731391,0.17475728155339806,0.2686084142394822,0.41423948220064727,0.47249190938511326,0.517799352750809,0.5889967637540453,0.6472491909385113,0.7281553398058253,0.7766990291262136,0.7993527508090615,0.8349514563106796
dynamic,40,8,20,"tensor(5.1100, device='cuda:0')",0.05177993527508091,0.08090614886731391,0.17475728155339806,0.2686084142394822,0.41423948220064727,0.47249190938511326,0.517799352750809,0.5889967637540453,0.6472491909385113,0.7281553398058253,0.7766990291262136,0.7993527508090615,0.8349514563106796
dynamic,40,8,30,"tensor(5.1100, device='cuda:0')",0.05177993527508091,0.08090614886731391,0.17475728155339806,0.2686084142394822,0.41423948220064727,0.47249190938511326,0.517799352750809,0.5889967637540453,0.6472491909385113,0.7281553398058253,0.7766990291262136,0.7993527508090615,0.8349514563106796
total,40,8,10,"tensor(5.1100, device='cuda:0')",0.21359223300970873,0.2297734627831715,0.2524271844660194,0.2686084142394822
total,40,8,20,"tensor(5.1100, device='cuda:0')",0.3106796116504854,0.3365695792880259,0.37540453074433655,0.39158576051779936,0.41423948220064727
total,40,8,30,"tensor(5.1100, device='cuda:0')",0.33980582524271846,0.3818770226537217,0.41423948220064727,0.44336569579288027,0.44983818770226536,0.47249190938511326
dynamic,20,8,40,"tensor(12.0032, device='cuda:0')",0.13915857605177995,0.22006472491909385,0.3268608414239482,0.42071197411003236,0.5728155339805825,0.6375404530744336,0.7087378640776699,0.7702265372168284,0.8122977346278317,0.8446601941747572,0.8867313915857605,0.912621359223301,0.9255663430420712
total,20,8,40,"tensor(12.0032, device='cuda:0')",0.47896440129449835,0.5533980582524272,0.5954692556634305,0.6343042071197411,0.6699029126213593,0.6828478964401294,0.7087378640776699
dynamic,20,8,50,"tensor(12.0032, device='cuda:0')",0.13915857605177995,0.22006472491909385,0.3268608414239482,0.42071197411003236,0.5728155339805825,0.6375404530744336,0.7087378640776699,0.7702265372168284,0.8122977346278317,0.8446601941747572,0.8867313915857605,0.912621359223301,0.9255663430420712
total,20,8,50,"tensor(12.0032, device='cuda:0')",0.5080906148867314,0.5889967637540453,0.627831715210356,0.6731391585760518,0.7087378640776699,0.7249190938511327,0.7313915857605178,0.7702265372168284
dynamic,20,8,60,"tensor(12.0032, device='cuda:0')",0.13915857605177995,0.22006472491909385,0.3268608414239482,0.42071197411003236,0.5728155339805825,0.6375404530744336,0.7087378640776699,0.7702265372168284,0.8122977346278317,0.8446601941747572,0.8867313915857605,0.912621359223301,0.9255663430420712
total,20,8,60,"tensor(12.0032, device='cuda:0')",0.5275080906148867,0.6116504854368932,0.6537216828478964,0.6990291262135923,0.7346278317152104,0.7540453074433657,0.7637540453074434,0.7766990291262136,0.8122977346278317
dynamic,40,8,40,"tensor(5.1100, device='cuda:0')",0.05177993527508091,0.08090614886731391,0.17475728155339806,0.2686084142394822,0.41423948220064727,0.47249190938511326,0.517799352750809,0.5889967637540453,0.6472491909385113,0.7281553398058253,0.7766990291262136,0.7993527508090615,0.8349514563106796
total,40,8,40,"tensor(5.1100, device='cuda:0')",0.37216828478964403,0.4077669902912621,0.44983818770226536,0.47896440129449835,0.4854368932038835,0.49514563106796117,0.517799352750809
dynamic,40,8,50,"tensor(5.1100, device='cuda:0')",0.05177993527508091,0.08090614886731391,0.17475728155339806,0.2686084142394822,0.41423948220064727,0.47249190938511326,0.517799352750809,0.5889967637540453,0.6472491909385113,0.7281553398058253,0.7766990291262136,0.7993527508090615,0.8349514563106796
dynamic,40,8,60,"tensor(5.1100, device='cuda:0')",0.05177993527508091,0.08090614886731391,0.17475728155339806,0.2686084142394822,0.41423948220064727,0.47249190938511326,0.517799352750809,0.5889967637540453,0.6472491909385113,0.7281553398058253,0.7766990291262136,0.7993527508090615,0.8349514563106796
total,40,8,50,"tensor(5.1100, device='cuda:0')",0.41423948220064727,0.45307443365695793,0.4919093851132686,0.5275080906148867,0.5566343042071198,0.5598705501618123,0.5663430420711975,0.5889967637540453
total,40,8,60,"tensor(5.1100, device='cuda:0')",0.44983818770226536,0.4886731391585761,0.5275080906148867,0.56957928802589,0.5954692556634305,0.6019417475728155,0.6116504854368932,0.6213592233009708,0.6472491909385113
dynamic,20,8,70,"tensor(12.0032, device='cuda:0')",0.13915857605177995,0.22006472491909385,0.3268608414239482,0.42071197411003236,0.5728155339805825,0.6375404530744336,0.7087378640776699,0.7702265372168284,0.8122977346278317,0.8446601941747572,0.8867313915857605,0.912621359223301,0.9255663430420712
total,20,8,70,"tensor(12.0032, device='cuda:0')",0.5436893203883495,0.6343042071197411,0.6828478964401294,0.7216828478964401,0.7572815533980582,0.7831715210355987,0.7961165048543689,0.8058252427184466,0.8122977346278317,0.8446601941747572
dynamic,20,8,80,"tensor(12.0032, device='cuda:0')",0.13915857605177995,0.22006472491909385,0.3268608414239482,0.42071197411003236,0.5728155339805825,0.6375404530744336,0.7087378640776699,0.7702265372168284,0.8122977346278317,0.8446601941747572,0.8867313915857605,0.912621359223301,0.9255663430420712
dynamic,20,8,90,"tensor(12.0032, device='cuda:0')",0.13915857605177995,0.22006472491909385,0.3268608414239482,0.42071197411003236,0.5728155339805825,0.6375404530744336,0.7087378640776699,0.7702265372168284,0.8122977346278317,0.8446601941747572,0.8867313915857605,0.912621359223301,0.9255663430420712
total,20,8,80,"tensor(12.0032, device='cuda:0')",0.5566343042071198,0.6537216828478964,0.7087378640776699,0.7475728155339806,0.7864077669902912,0.8122977346278317,0.8220064724919094,0.8349514563106796,0.8414239482200647,0.8511326860841424,0.8867313915857605
total,20,8,90,"tensor(12.0032, device='cuda:0')",0.5792880258899676,0.6731391585760518,0.7281553398058253,0.7637540453074434,0.8025889967637541,0.8252427184466019,0.8414239482200647,0.8543689320388349,0.86084142394822,0.8673139158576052,0.8802588996763754,0.912621359223301
dynamic,40,8,70,"tensor(5.1100, device='cuda:0')",0.05177993527508091,0.08090614886731391,0.17475728155339806,0.2686084142394822,0.41423948220064727,0.47249190938511326,0.517799352750809,0.5889967637540453,0.6472491909385113,0.7281553398058253,0.7766990291262136,0.7993527508090615,0.8349514563106796
dynamic,40,8,80,"tensor(5.1100, device='cuda:0')",0.05177993527508091,0.08090614886731391,0.17475728155339806,0.2686084142394822,0.41423948220064727,0.47249190938511326,0.517799352750809,0.5889967637540453,0.6472491909385113,0.7281553398058253,0.7766990291262136,0.7993527508090615,0.8349514563106796
dynamic,40,8,90,"tensor(5.1100, device='cuda:0')",0.05177993527508091,0.08090614886731391,0.17475728155339806,0.2686084142394822,0.41423948220064727,0.47249190938511326,0.517799352750809,0.5889967637540453,0.6472491909385113,0.7281553398058253,0.7766990291262136,0.7993527508090615,0.8349514563106796
total,40,8,70,"tensor(5.1100, device='cuda:0')",0.4919093851132686,0.5339805825242718,0.5825242718446602,0.6213592233009708,0.6504854368932039,0.6699029126213593,0.6796116504854369,0.6957928802588996,0.6990291262135923,0.7281553398058253
total,40,8,80,"tensor(5.1100, device='cuda:0')",0.5145631067961165,0.5728155339805825,0.6148867313915858,0.6440129449838188,0.6828478964401294,0.7119741100323624,0.7152103559870551,0.7313915857605178,0.7443365695792881,0.7508090614886731,0.7766990291262136
total,40,8,90,"tensor(5.1100, device='cuda:0')",0.5210355987055016,0.5889967637540453,0.6310679611650486,0.6666666666666666,0.6990291262135923,0.7216828478964401,0.7346278317152104,0.7443365695792881,0.7540453074433657,0.7669902912621359,0.7766990291262136,0.7993527508090615
dynamic,20,8,100,"tensor(12.0032, device='cuda:0')",0.13915857605177995,0.22006472491909385,0.3268608414239482,0.42071197411003236,0.5728155339805825,0.6375404530744336,0.7087378640776699,0.7702265372168284,0.8122977346278317,0.8446601941747572,0.8867313915857605,0.912621359223301,0.9255663430420712
dynamic,20,8,150,"tensor(12.0032, device='cuda:0')",0.13915857605177995,0.22006472491909385,0.3268608414239482,0.42071197411003236,0.5728155339805825,0.6375404530744336,0.7087378640776699,0.7702265372168284,0.8122977346278317,0.8446601941747572,0.8867313915857605,0.912621359223301,0.9255663430420712
total,20,8,100,"tensor(12.0032, device='cuda:0')",0.5792880258899676,0.6796116504854369,0.7313915857605178,0.7734627831715211,0.8090614886731392,0.8284789644012945,0.8511326860841424,0.86084142394822,0.8705501618122977,0.8770226537216829,0.8802588996763754,0.8964401294498382,0.9255663430420712
dynamic,20,8,200,"tensor(12.0032, device='cuda:0')",0.13915857605177995,0.22006472491909385,0.3268608414239482,0.42071197411003236,0.5728155339805825,0.6375404530744336,0.7087378640776699,0.7702265372168284,0.8122977346278317,0.8446601941747572,0.8867313915857605,0.912621359223301,0.9255663430420712
dynamic,40,8,100,"tensor(5.1100, device='cuda:0')",0.05177993527508091,0.08090614886731391,0.17475728155339806,0.2686084142394822,0.41423948220064727,0.47249190938511326,0.517799352750809,0.5889967637540453,0.6472491909385113,0.7281553398058253,0.7766990291262136,0.7993527508090615,0.8349514563106796
dynamic,40,8,150,"tensor(5.1100, device='cuda:0')",0.05177993527508091,0.08090614886731391,0.17475728155339806,0.2686084142394822,0.41423948220064727,0.47249190938511326,0.517799352750809,0.5889967637540453,0.6472491909385113,0.7281553398058253,0.7766990291262136,0.7993527508090615,0.8349514563106796
total,40,8,100,"tensor(5.1100, device='cuda:0')",0.540453074433657,0.6116504854368932,0.6504854368932039,0.6893203883495146,0.7249190938511327,0.7378640776699029,0.7605177993527508,0.7669902912621359,0.7831715210355987,0.7928802588996764,0.8025889967637541,0.8155339805825242,0.8349514563106796
dynamic,40,8,200,"tensor(5.1100, device='cuda:0')",0.05177993527508091,0.08090614886731391,0.17475728155339806,0.2686084142394822,0.41423948220064727,0.47249190938511326,0.517799352750809,0.5889967637540453,0.6472491909385113,0.7281553398058253,0.7766990291262136,0.7993527508090615,0.8349514563106796
dynamic,20,10,1,"tensor(12.9256, device='cuda:0')",0.18770226537216828,0.24919093851132687,0.3559870550161812,0.4627831715210356,0.6019417475728155,0.6763754045307443,0.7475728155339806,0.7928802588996764,0.8187702265372169,0.8576051779935275,0.883495145631068,0.9029126213592233,0.9158576051779935
total,20,10,1,"tensor(12.9256, device='cuda:0')",0.18770226537216828
dynamic,20,10,2,"tensor(12.9256, device='cuda:0')",0.18770226537216828,0.24919093851132687,0.3559870550161812,0.4627831715210356,0.6019417475728155,0.6763754045307443,0.7475728155339806,0.7928802588996764,0.8187702265372169,0.8576051779935275,0.883495145631068,0.9029126213592233,0.9158576051779935
dynamic,20,10,5,"tensor(12.9256, device='cuda:0')",0.18770226537216828,0.24919093851132687,0.3559870550161812,0.4627831715210356,0.6019417475728155,0.6763754045307443,0.7475728155339806,0.7928802588996764,0.8187702265372169,0.8576051779935275,0.883495145631068,0.9029126213592233,0.9158576051779935
total,20,10,2,"tensor(12.9256, device='cuda:0')",0.22330097087378642,0.24919093851132687
total,20,10,5,"tensor(12.9256, device='cuda:0')",0.2815533980582524,0.32038834951456313,0.3559870550161812
dynamic,40,10,2,"tensor(6.0291, device='cuda:0')",0.08090614886731391,0.10679611650485436,0.18446601941747573,0.2912621359223301,0.44660194174757284,0.540453074433657,0.5857605177993528,0.6375404530744336,0.7022653721682848,0.7605177993527508,0.7831715210355987,0.8220064724919094,0.8576051779935275
dynamic,40,10,1,"tensor(6.0291, device='cuda:0')",0.08090614886731391,0.10679611650485436,0.18446601941747573,0.2912621359223301,0.44660194174757284,0.540453074433657,0.5857605177993528,0.6375404530744336,0.7022653721682848,0.7605177993527508,0.7831715210355987,0.8220064724919094,0.8576051779935275
dynamic,40,10,5,"tensor(6.0291, device='cuda:0')",0.08090614886731391,0.10679611650485436,0.18446601941747573,0.2912621359223301,0.44660194174757284,0.540453074433657,0.5857605177993528,0.6375404530744336,0.7022653721682848,0.7605177993527508,0.7831715210355987,0.8220064724919094,0.8576051779935275
total,40,10,1,"tensor(6.0291, device='cuda:0')",0.08090614886731391
dynamic,20,10,10,"tensor(12.9256, device='cuda:0')",0.18770226537216828,0.24919093851132687,0.3559870550161812,0.4627831715210356,0.6019417475728155,0.6763754045307443,0.7475728155339806,0.7928802588996764,0.8187702265372169,0.8576051779935275,0.883495145631068,0.9029126213592233,0.9158576051779935
dynamic,20,10,20,"tensor(12.9256, device='cuda:0')",0.18770226537216828,0.24919093851132687,0.3559870550161812,0.4627831715210356,0.6019417475728155,0.6763754045307443,0.7475728155339806,0.7928802588996764,0.8187702265372169,0.8576051779935275,0.883495145631068,0.9029126213592233,0.9158576051779935
total,20,10,10,"tensor(12.9256, device='cuda:0')",0.3559870550161812,0.4045307443365696,0.44336569579288027,0.4627831715210356
dynamic,20,10,30,"tensor(12.9256, device='cuda:0')",0.18770226537216828,0.24919093851132687,0.3559870550161812,0.4627831715210356,0.6019417475728155,0.6763754045307443,0.7475728155339806,0.7928802588996764,0.8187702265372169,0.8576051779935275,0.883495145631068,0.9029126213592233,0.9158576051779935
total,20,10,20,"tensor(12.9256, device='cuda:0')",0.44660194174757284,0.5080906148867314,0.5533980582524272,0.5825242718446602,0.6019417475728155
total,20,10,30,"tensor(12.9256, device='cuda:0')",0.4692556634304207,0.5469255663430421,0.6019417475728155,0.6310679611650486,0.6601941747572816,0.6763754045307443
dynamic,40,10,10,"tensor(6.0291, device='cuda:0')",0.08090614886731391,0.10679611650485436,0.18446601941747573,0.2912621359223301,0.44660194174757284,0.540453074433657,0.5857605177993528,0.6375404530744336,0.7022653721682848,0.7605177993527508,0.7831715210355987,0.8220064724919094,0.8576051779935275
dynamic,40,10,20,"tensor(6.0291, device='cuda:0')",0.08090614886731391,0.10679611650485436,0.18446601941747573,0.2912621359223301,0.44660194174757284,0.540453074433657,0.5857605177993528,0.6375404530744336,0.7022653721682848,0.7605177993527508,0.7831715210355987,0.8220064724919094,0.8576051779935275
dynamic,40,10,30,"tensor(6.0291, device='cuda:0')",0.08090614886731391,0.10679611650485436,0.18446601941747573,0.2912621359223301,0.44660194174757284,0.540453074433657,0.5857605177993528,0.6375404530744336,0.7022653721682848,0.7605177993527508,0.7831715210355987,0.8220064724919094,0.8576051779935275
total,40,10,10,"tensor(6.0291, device='cuda:0')",0.2297734627831715,0.2588996763754045,0.2750809061488673,0.2912621359223301
total,40,10,20,"tensor(6.0291, device='cuda:0')",0.32038834951456313,0.36245954692556637,0.39805825242718446,0.4077669902912621,0.44660194174757284
total,40,10,30,"tensor(6.0291, device='cuda:0')",0.36893203883495146,0.42394822006472493,0.4563106796116505,0.4919093851132686,0.5080906148867314,0.540453074433657
dynamic,20,10,40,"tensor(12.9256, device='cuda:0')",0.18770226537216828,0.24919093851132687,0.3559870550161812,0.4627831715210356,0.6019417475728155,0.6763754045307443,0.7475728155339806,0.7928802588996764,0.8187702265372169,0.8576051779935275,0.883495145631068,0.9029126213592233,0.9158576051779935
total,20,10,40,"tensor(12.9256, device='cuda:0')",0.5080906148867314,0.5760517799352751,0.6407766990291263,0.6796116504854369,0.7119741100323624,0.7249190938511327,0.7475728155339806
dynamic,20,10,50,"tensor(12.9256, device='cuda:0')",0.18770226537216828,0.24919093851132687,0.3559870550161812,0.4627831715210356,0.6019417475728155,0.6763754045307443,0.7475728155339806,0.7928802588996764,0.8187702265372169,0.8576051779935275,0.883495145631068,0.9029126213592233,0.9158576051779935
dynamic,20,10,60,"tensor(12.9256, device='cuda:0')",0.18770226537216828,0.24919093851132687,0.3559870550161812,0.4627831715210356,0.6019417475728155,0.6763754045307443,0.7475728155339806,0.7928802588996764,0.8187702265372169,0.8576051779935275,0.883495145631068,0.9029126213592233,0.9158576051779935
total,20,10,50,"tensor(12.9256, device='cuda:0')",0.517799352750809,0.598705501618123,0.6666666666666666,0.7022653721682848,0.7346278317152104,0.7572815533980582,0.7669902912621359,0.7928802588996764
total,20,10,60,"tensor(12.9256, device='cuda:0')",0.5339805825242718,0.6084142394822006,0.6699029126213593,0.7055016181229773,0.7378640776699029,0.7669902912621359,0.7766990291262136,0.7896440129449838,0.8187702265372169
dynamic,40,10,40,"tensor(6.0291, device='cuda:0')",0.08090614886731391,0.10679611650485436,0.18446601941747573,0.2912621359223301,0.44660194174757284,0.540453074433657,0.5857605177993528,0.6375404530744336,0.7022653721682848,0.7605177993527508,0.7831715210355987,0.8220064724919094,0.8576051779935275
dynamic,40,10,50,"tensor(6.0291, device='cuda:0')",0.08090614886731391,0.10679611650485436,0.18446601941747573,0.2912621359223301,0.44660194174757284,0.540453074433657,0.5857605177993528,0.6375404530744336,0.7022653721682848,0.7605177993527508,0.7831715210355987,0.8220064724919094,0.8576051779935275
dynamic,40,10,60,"tensor(6.0291, device='cuda:0')",0.08090614886731391,0.10679611650485436,0.18446601941747573,0.2912621359223301,0.44660194174757284,0.540453074433657,0.5857605177993528,0.6375404530744336,0.7022653721682848,0.7605177993527508,0.7831715210355987,0.8220064724919094,0.8576051779935275
total,40,10,40,"tensor(6.0291, device='cuda:0')",0.40129449838187703,0.4563106796116505,0.4919093851132686,0.5275080906148867,0.5372168284789643,0.5566343042071198,0.5857605177993528
total,40,10,50,"tensor(6.0291, device='cuda:0')",0.4336569579288026,0.49514563106796117,0.5307443365695793,0.5566343042071198,0.5857605177993528,0.598705501618123,0.6084142394822006,0.6375404530744336
total,40,10,60,"tensor(6.0291, device='cuda:0')",0.47249190938511326,0.540453074433657,0.5825242718446602,0.6181229773462783,0.6472491909385113,0.6504854368932039,0.6634304207119741,0.6731391585760518,0.7022653721682848
dynamic,20,10,70,"tensor(12.9256, device='cuda:0')",0.18770226537216828,0.24919093851132687,0.3559870550161812,0.4627831715210356,0.6019417475728155,0.6763754045307443,0.7475728155339806,0.7928802588996764,0.8187702265372169,0.8576051779935275,0.883495145631068,0.9029126213592233,0.9158576051779935
dynamic,20,10,80,"tensor(12.9256, device='cuda:0')",0.18770226537216828,0.24919093851132687,0.3559870550161812,0.4627831715210356,0.6019417475728155,0.6763754045307443,0.7475728155339806,0.7928802588996764,0.8187702265372169,0.8576051779935275,0.883495145631068,0.9029126213592233,0.9158576051779935
dynamic,20,10,90,"tensor(12.9256, device='cuda:0')",0.18770226537216828,0.24919093851132687,0.3559870550161812,0.4627831715210356,0.6019417475728155,0.6763754045307443,0.7475728155339806,0.7928802588996764,0.8187702265372169,0.8576051779935275,0.883495145631068,0.9029126213592233,0.9158576051779935
total,20,10,70,"tensor(12.9256, device='cuda:0')",0.5501618122977346,0.6375404530744336,0.6957928802588996,0.7346278317152104,0.7669902912621359,0.7928802588996764,0.8155339805825242,0.8187702265372169,0.8284789644012945,0.8576051779935275
total,20,10,80,"tensor(12.9256, device='cuda:0')",0.56957928802589,0.656957928802589,0.7152103559870551,0.7540453074433657,0.7864077669902912,0.8122977346278317,0.8252427184466019,0.8381877022653722,0.8478964401294499,0.8543689320388349,0.883495145631068
total,20,10,90,"tensor(12.9256, device='cuda:0')",0.5825242718446602,0.6731391585760518,0.7313915857605178,0.7669902912621359,0.7993527508090615,0.8284789644012945,0.8381877022653722,0.8576051779935275,0.8576051779935275,0.8705501618122977,0.8770226537216829,0.9029126213592233
dynamic,40,10,70,"tensor(6.0291, device='cuda:0')",0.08090614886731391,0.10679611650485436,0.18446601941747573,0.2912621359223301,0.44660194174757284,0.540453074433657,0.5857605177993528,0.6375404530744336,0.7022653721682848,0.7605177993527508,0.7831715210355987,0.8220064724919094,0.8576051779935275
dynamic,40,10,80,"tensor(6.0291, device='cuda:0')",0.08090614886731391,0.10679611650485436,0.18446601941747573,0.2912621359223301,0.44660194174757284,0.540453074433657,0.5857605177993528,0.6375404530744336,0.7022653721682848,0.7605177993527508,0.7831715210355987,0.8220064724919094,0.8576051779935275
dynamic,40,10,90,"tensor(6.0291, device='cuda:0')",0.08090614886731391,0.10679611650485436,0.18446601941747573,0.2912621359223301,0.44660194174757284,0.540453074433657,0.5857605177993528,0.6375404530744336,0.7022653721682848,0.7605177993527508,0.7831715210355987,0.8220064724919094,0.8576051779935275
total,40,10,70,"tensor(6.0291, device='cuda:0')",0.49514563106796117,0.5728155339805825,0.6116504854368932,0.6504854368932039,0.6763754045307443,0.6925566343042071,0.6990291262135923,0.7152103559870551,0.7281553398058253,0.7605177993527508
total,40,10,80,"tensor(6.0291, device='cuda:0')",0.5080906148867314,0.5857605177993528,0.627831715210356,0.656957928802589,0.686084142394822,0.7055016181229773,0.7087378640776699,0.7249190938511327,0.7346278317152104,0.7572815533980582,0.7831715210355987
total,40,10,90,"tensor(6.0291, device='cuda:0')",0.5242718446601942,0.6019417475728155,0.6440129449838188,0.6763754045307443,0.7055016181229773,0.7378640776699029,0.7443365695792881,0.7540453074433657,0.7669902912621359,0.7766990291262136,0.7961165048543689,0.8220064724919094
dynamic,20,10,100,"tensor(12.9256, device='cuda:0')",0.18770226537216828,0.24919093851132687,0.3559870550161812,0.4627831715210356,0.6019417475728155,0.6763754045307443,0.7475728155339806,0.7928802588996764,0.8187702265372169,0.8576051779935275,0.883495145631068,0.9029126213592233,0.9158576051779935
total,20,10,100,"tensor(12.9256, device='cuda:0')",0.5825242718446602,0.6828478964401294,0.7378640776699029,0.7734627831715211,0.8090614886731392,0.8349514563106796,0.8478964401294499,0.8576051779935275,0.8705501618122977,0.8770226537216829,0.883495145631068,0.8932038834951457,0.9158576051779935
dynamic,20,10,150,"tensor(12.9256, device='cuda:0')",0.18770226537216828,0.24919093851132687,0.3559870550161812,0.4627831715210356,0.6019417475728155,0.6763754045307443,0.7475728155339806,0.7928802588996764,0.8187702265372169,0.8576051779935275,0.883495145631068,0.9029126213592233,0.9158576051779935
dynamic,20,10,200,"tensor(12.9256, device='cuda:0')",0.18770226537216828,0.24919093851132687,0.3559870550161812,0.4627831715210356,0.6019417475728155,0.6763754045307443,0.7475728155339806,0.7928802588996764,0.8187702265372169,0.8576051779935275,0.883495145631068,0.9029126213592233,0.9158576051779935
dynamic,40,10,100,"tensor(6.0291, device='cuda:0')",0.08090614886731391,0.10679611650485436,0.18446601941747573,0.2912621359223301,0.44660194174757284,0.540453074433657,0.5857605177993528,0.6375404530744336,0.7022653721682848,0.7605177993527508,0.7831715210355987,0.8220064724919094,0.8576051779935275
dynamic,40,10,150,"tensor(6.0291, device='cuda:0')",0.08090614886731391,0.10679611650485436,0.18446601941747573,0.2912621359223301,0.44660194174757284,0.540453074433657,0.5857605177993528,0.6375404530744336,0.7022653721682848,0.7605177993527508,0.7831715210355987,0.8220064724919094,0.8576051779935275
dynamic,40,10,200,"tensor(6.0291, device='cuda:0')",0.08090614886731391,0.10679611650485436,0.18446601941747573,0.2912621359223301,0.44660194174757284,0.540453074433657,0.5857605177993528,0.6375404530744336,0.7022653721682848,0.7605177993527508,0.7831715210355987,0.8220064724919094,0.8576051779935275
total,40,10,100,"tensor(6.0291, device='cuda:0')",0.5469255663430421,0.6310679611650486,0.6763754045307443,0.7055016181229773,0.7346278317152104,0.7605177993527508,0.7766990291262136,0.7831715210355987,0.7928802588996764,0.8025889967637541,0.8155339805825242,0.8349514563106796,0.8576051779935275
dynamic,30,6,1,"tensor(5.3139, device='cuda:0')",0.0744336569579288,0.11003236245954692,0.1779935275080906,0.255663430420712,0.36245954692556637,0.44983818770226536,0.5016181229773463,0.5728155339805825,0.6051779935275081,0.6504854368932039,0.6925566343042071,0.7249190938511327,0.7637540453074434
dynamic,30,6,2,"tensor(5.3139, device='cuda:0')",0.0744336569579288,0.11003236245954692,0.1779935275080906,0.255663430420712,0.36245954692556637,0.44983818770226536,0.5016181229773463,0.5728155339805825,0.6051779935275081,0.6504854368932039,0.6925566343042071,0.7249190938511327,0.7637540453074434
total,30,6,1,"tensor(5.3139, device='cuda:0')",0.0744336569579288
dynamic,30,6,5,"tensor(5.3139, device='cuda:0')",0.0744336569579288,0.11003236245954692,0.1779935275080906,0.255663430420712,0.36245954692556637,0.44983818770226536,0.5016181229773463,0.5728155339805825,0.6051779935275081,0.6504854368932039,0.6925566343042071,0.7249190938511327,0.7637540453074434
total,30,6,2,"tensor(5.3139, device='cuda:0')",0.0970873786407767,0.11003236245954692
total,30,6,5,"tensor(5.3139, device='cuda:0')",0.14563106796116504,0.1650485436893204,0.1779935275080906
dynamic,30,6,10,"tensor(5.3139, device='cuda:0')",0.0744336569579288,0.11003236245954692,0.1779935275080906,0.255663430420712,0.36245954692556637,0.44983818770226536,0.5016181229773463,0.5728155339805825,0.6051779935275081,0.6504854368932039,0.6925566343042071,0.7249190938511327,0.7637540453074434
total,30,6,10,"tensor(5.3139, device='cuda:0')",0.20388349514563106,0.22330097087378642,0.23300970873786409,0.255663430420712
dynamic,30,6,30,"tensor(5.3139, device='cuda:0')",0.0744336569579288,0.11003236245954692,0.1779935275080906,0.255663430420712,0.36245954692556637,0.44983818770226536,0.5016181229773463,0.5728155339805825,0.6051779935275081,0.6504854368932039,0.6925566343042071,0.7249190938511327,0.7637540453074434
dynamic,30,6,20,"tensor(5.3139, device='cuda:0')",0.0744336569579288,0.11003236245954692,0.1779935275080906,0.255663430420712,0.36245954692556637,0.44983818770226536,0.5016181229773463,0.5728155339805825,0.6051779935275081,0.6504854368932039,0.6925566343042071,0.7249190938511327,0.7637540453074434
total,30,6,30,"tensor(5.3139, device='cuda:0')",0.31715210355987056,0.3559870550161812,0.3948220064724919,0.42071197411003236,0.43042071197411,0.44983818770226536
total,30,6,20,"tensor(5.3139, device='cuda:0')",0.27184466019417475,0.3106796116504854,0.3268608414239482,0.343042071197411,0.36245954692556637
dynamic,30,6,40,"tensor(5.3139, device='cuda:0')",0.0744336569579288,0.11003236245954692,0.1779935275080906,0.255663430420712,0.36245954692556637,0.44983818770226536,0.5016181229773463,0.5728155339805825,0.6051779935275081,0.6504854368932039,0.6925566343042071,0.7249190938511327,0.7637540453074434
total,30,6,40,"tensor(5.3139, device='cuda:0')",0.34951456310679613,0.3948220064724919,0.4336569579288026,0.459546925566343,0.47572815533980584,0.48220064724919093,0.5016181229773463
dynamic,30,6,50,"tensor(5.3139, device='cuda:0')",0.0744336569579288,0.11003236245954692,0.1779935275080906,0.255663430420712,0.36245954692556637,0.44983818770226536,0.5016181229773463,0.5728155339805825,0.6051779935275081,0.6504854368932039,0.6925566343042071,0.7249190938511327,0.7637540453074434
dynamic,30,6,60,"tensor(5.3139, device='cuda:0')",0.0744336569579288,0.11003236245954692,0.1779935275080906,0.255663430420712,0.36245954692556637,0.44983818770226536,0.5016181229773463,0.5728155339805825,0.6051779935275081,0.6504854368932039,0.6925566343042071,0.7249190938511327,0.7637540453074434
total,30,6,50,"tensor(5.3139, device='cuda:0')",0.37540453074433655,0.4336569579288026,0.48220064724919093,0.5048543689320388,0.5275080906148867,0.5339805825242718,0.5501618122977346,0.5728155339805825
total,30,6,60,"tensor(5.3139, device='cuda:0')",0.3883495145631068,0.44660194174757284,0.4919093851132686,0.5242718446601942,0.5501618122977346,0.5598705501618123,0.5760517799352751,0.5857605177993528,0.6051779935275081
dynamic,30,6,70,"tensor(5.3139, device='cuda:0')",0.0744336569579288,0.11003236245954692,0.1779935275080906,0.255663430420712,0.36245954692556637,0.44983818770226536,0.5016181229773463,0.5728155339805825,0.6051779935275081,0.6504854368932039,0.6925566343042071,0.7249190938511327,0.7637540453074434
total,30,6,70,"tensor(5.3139, device='cuda:0')",0.4174757281553398,0.47249190938511326,0.5275080906148867,0.5566343042071198,0.5792880258899676,0.5954692556634305,0.6116504854368932,0.6245954692556634,0.6310679611650486,0.6504854368932039
dynamic,30,6,80,"tensor(5.3139, device='cuda:0')",0.0744336569579288,0.11003236245954692,0.1779935275080906,0.255663430420712,0.36245954692556637,0.44983818770226536,0.5016181229773463,0.5728155339805825,0.6051779935275081,0.6504854368932039,0.6925566343042071,0.7249190938511327,0.7637540453074434
dynamic,30,6,90,"tensor(5.3139, device='cuda:0')",0.0744336569579288,0.11003236245954692,0.1779935275080906,0.255663430420712,0.36245954692556637,0.44983818770226536,0.5016181229773463,0.5728155339805825,0.6051779935275081,0.6504854368932039,0.6925566343042071,0.7249190938511327,0.7637540453074434
total,30,6,80,"tensor(5.3139, device='cuda:0')",0.43042071197411,0.49514563106796117,0.5566343042071198,0.5825242718446602,0.6051779935275081,0.627831715210356,0.6375404530744336,0.6537216828478964,0.6699029126213593,0.6731391585760518,0.6925566343042071
total,30,6,90,"tensor(5.3139, device='cuda:0')",0.44983818770226536,0.5145631067961165,0.5792880258899676,0.6019417475728155,0.6310679611650486,0.6504854368932039,0.6601941747572816,0.6796116504854369,0.6893203883495146,0.7022653721682848,0.7055016181229773,0.7249190938511327
dynamic,30,6,100,"tensor(5.3139, device='cuda:0')",0.0744336569579288,0.11003236245954692,0.1779935275080906,0.255663430420712,0.36245954692556637,0.44983818770226536,0.5016181229773463,0.5728155339805825,0.6051779935275081,0.6504854368932039,0.6925566343042071,0.7249190938511327,0.7637540453074434
dynamic,30,6,150,"tensor(5.3139, device='cuda:0')",0.0744336569579288,0.11003236245954692,0.1779935275080906,0.255663430420712,0.36245954692556637,0.44983818770226536,0.5016181229773463,0.5728155339805825,0.6051779935275081,0.6504854368932039,0.6925566343042071,0.7249190938511327,0.7637540453074434
total,30,6,100,"tensor(5.3139, device='cuda:0')",0.4692556634304207,0.5339805825242718,0.6019417475728155,0.627831715210356,0.6601941747572816,0.6699029126213593,0.6893203883495146,0.6990291262135923,0.7152103559870551,0.7249190938511327,0.7411003236245954,0.7443365695792881,0.7637540453074434
dynamic,30,6,200,"tensor(5.3139, device='cuda:0')",0.0744336569579288,0.11003236245954692,0.1779935275080906,0.255663430420712,0.36245954692556637,0.44983818770226536,0.5016181229773463,0.5728155339805825,0.6051779935275081,0.6504854368932039,0.6925566343042071,0.7249190938511327,0.7637540453074434
dynamic,30,8,1,"tensor(5.3625, device='cuda:0')",0.0744336569579288,0.11003236245954692,0.18122977346278318,0.2588996763754045,0.3818770226537217,0.4110032362459547,0.46601941747572817,0.49514563106796117,0.5275080906148867,0.56957928802589,0.6116504854368932,0.6537216828478964,0.6699029126213593
total,30,8,1,"tensor(5.3625, device='cuda:0')",0.0744336569579288
dynamic,30,8,2,"tensor(5.3625, device='cuda:0')",0.0744336569579288,0.11003236245954692,0.18122977346278318,0.2588996763754045,0.3818770226537217,0.4110032362459547,0.46601941747572817,0.49514563106796117,0.5275080906148867,0.56957928802589,0.6116504854368932,0.6537216828478964,0.6699029126213593
dynamic,30,8,5,"tensor(5.3625, device='cuda:0')",0.0744336569579288,0.11003236245954692,0.18122977346278318,0.2588996763754045,0.3818770226537217,0.4110032362459547,0.46601941747572817,0.49514563106796117,0.5275080906148867,0.56957928802589,0.6116504854368932,0.6537216828478964,0.6699029126213593
total,30,8,2,"tensor(5.3625, device='cuda:0')",0.10355987055016182,0.11003236245954692
total,30,8,5,"tensor(5.3625, device='cuda:0')",0.15210355987055016,0.1650485436893204,0.18122977346278318
dynamic,30,8,10,"tensor(5.3625, device='cuda:0')",0.0744336569579288,0.11003236245954692,0.18122977346278318,0.2588996763754045,0.3818770226537217,0.4110032362459547,0.46601941747572817,0.49514563106796117,0.5275080906148867,0.56957928802589,0.6116504854368932,0.6537216828478964,0.6699029126213593
dynamic,30,8,20,"tensor(5.3625, device='cuda:0')",0.0744336569579288,0.11003236245954692,0.18122977346278318,0.2588996763754045,0.3818770226537217,0.4110032362459547,0.46601941747572817,0.49514563106796117,0.5275080906148867,0.56957928802589,0.6116504854368932,0.6537216828478964,0.6699029126213593
dynamic,30,8,30,"tensor(5.3625, device='cuda:0')",0.0744336569579288,0.11003236245954692,0.18122977346278318,0.2588996763754045,0.3818770226537217,0.4110032362459547,0.46601941747572817,0.49514563106796117,0.5275080906148867,0.56957928802589,0.6116504854368932,0.6537216828478964,0.6699029126213593
total,30,8,10,"tensor(5.3625, device='cuda:0')",0.21359223300970873,0.2297734627831715,0.23948220064724918,0.2588996763754045
total,30,8,20,"tensor(5.3625, device='cuda:0')",0.2977346278317152,0.32362459546925565,0.34627831715210355,0.3592233009708738,0.3818770226537217
total,30,8,30,"tensor(5.3625, device='cuda:0')",0.30097087378640774,0.343042071197411,0.36245954692556637,0.3851132686084142,0.3883495145631068,0.4110032362459547
dynamic,30,8,40,"tensor(5.3625, device='cuda:0')",0.0744336569579288,0.11003236245954692,0.18122977346278318,0.2588996763754045,0.3818770226537217,0.4110032362459547,0.46601941747572817,0.49514563106796117,0.5275080906148867,0.56957928802589,0.6116504854368932,0.6537216828478964,0.6699029126213593
total,30,8,40,"tensor(5.3625, device='cuda:0')",0.3300970873786408,0.3786407766990291,0.4045307443365696,0.43042071197411,0.44336569579288027,0.44660194174757284,0.46601941747572817
dynamic,30,8,50,"tensor(5.3625, device='cuda:0')",0.0744336569579288,0.11003236245954692,0.18122977346278318,0.2588996763754045,0.3818770226537217,0.4110032362459547,0.46601941747572817,0.49514563106796117,0.5275080906148867,0.56957928802589,0.6116504854368932,0.6537216828478964,0.6699029126213593
total,30,8,50,"tensor(5.3625, device='cuda:0')",0.343042071197411,0.39805825242718446,0.43042071197411,0.44983818770226536,0.46601941747572817,0.4692556634304207,0.47572815533980584,0.49514563106796117
dynamic,30,8,60,"tensor(5.3625, device='cuda:0')",0.0744336569579288,0.11003236245954692,0.18122977346278318,0.2588996763754045,0.3818770226537217,0.4110032362459547,0.46601941747572817,0.49514563106796117,0.5275080906148867,0.56957928802589,0.6116504854368932,0.6537216828478964,0.6699029126213593
total,30,8,60,"tensor(5.3625, device='cuda:0')",0.3559870550161812,0.4077669902912621,0.4336569579288026,0.4692556634304207,0.4886731391585761,0.49838187702265374,0.5016181229773463,0.5080906148867314,0.5275080906148867
dynamic,30,8,70,"tensor(5.3625, device='cuda:0')",0.0744336569579288,0.11003236245954692,0.18122977346278318,0.2588996763754045,0.3818770226537217,0.4110032362459547,0.46601941747572817,0.49514563106796117,0.5275080906148867,0.56957928802589,0.6116504854368932,0.6537216828478964,0.6699029126213593
dynamic,30,8,80,"tensor(5.3625, device='cuda:0')",0.0744336569579288,0.11003236245954692,0.18122977346278318,0.2588996763754045,0.3818770226537217,0.4110032362459547,0.46601941747572817,0.49514563106796117,0.5275080906148867,0.56957928802589,0.6116504854368932,0.6537216828478964,0.6699029126213593
dynamic,30,8,90,"tensor(5.3625, device='cuda:0')",0.0744336569579288,0.11003236245954692,0.18122977346278318,0.2588996763754045,0.3818770226537217,0.4110032362459547,0.46601941747572817,0.49514563106796117,0.5275080906148867,0.56957928802589,0.6116504854368932,0.6537216828478964,0.6699029126213593
total,30,8,70,"tensor(5.3625, device='cuda:0')",0.37540453074433655,0.42718446601941745,0.45307443365695793,0.48220064724919093,0.5080906148867314,0.5242718446601942,0.5307443365695793,0.540453074433657,0.5469255663430421,0.56957928802589
total,30,8,80,"tensor(5.3625, device='cuda:0')",0.39805825242718446,0.4563106796116505,0.48220064724919093,0.5080906148867314,0.5339805825242718,0.5566343042071198,0.5598705501618123,0.5792880258899676,0.5792880258899676,0.5922330097087378,0.6116504854368932
total,30,8,90,"tensor(5.3625, device='cuda:0')",0.42071197411003236,0.4854368932038835,0.5145631067961165,0.540453074433657,0.56957928802589,0.5922330097087378,0.598705501618123,0.6019417475728155,0.6181229773462783,0.6245954692556634,0.6375404530744336,0.6537216828478964
dynamic,30,8,100,"tensor(5.3625, device='cuda:0')",0.0744336569579288,0.11003236245954692,0.18122977346278318,0.2588996763754045,0.3818770226537217,0.4110032362459547,0.46601941747572817,0.49514563106796117,0.5275080906148867,0.56957928802589,0.6116504854368932,0.6537216828478964,0.6699029126213593
dynamic,30,8,150,"tensor(5.3625, device='cuda:0')",0.0744336569579288,0.11003236245954692,0.18122977346278318,0.2588996763754045,0.3818770226537217,0.4110032362459547,0.46601941747572817,0.49514563106796117,0.5275080906148867,0.56957928802589,0.6116504854368932,0.6537216828478964,0.6699029126213593
total,30,8,100,"tensor(5.3625, device='cuda:0')",0.4336569579288026,0.49838187702265374,0.5307443365695793,0.5566343042071198,0.5825242718446602,0.6019417475728155,0.6148867313915858,0.6148867313915858,0.627831715210356,0.6375404530744336,0.6440129449838188,0.6537216828478964,0.6699029126213593
dynamic,30,8,200,"tensor(5.3625, device='cuda:0')",0.0744336569579288,0.11003236245954692,0.18122977346278318,0.2588996763754045,0.3818770226537217,0.4110032362459547,0.46601941747572817,0.49514563106796117,0.5275080906148867,0.56957928802589,0.6116504854368932,0.6537216828478964,0.6699029126213593
dynamic,30,10,1,"tensor(7.4337, device='cuda:0')",0.08414239482200647,0.13268608414239483,0.2297734627831715,0.3300970873786408,0.4692556634304207,0.5307443365695793,0.5792880258899676,0.6116504854368932,0.6440129449838188,0.6796116504854369,0.7216828478964401,0.7702265372168284,0.8187702265372169
dynamic,30,10,2,"tensor(7.4337, device='cuda:0')",0.08414239482200647,0.13268608414239483,0.2297734627831715,0.3300970873786408,0.4692556634304207,0.5307443365695793,0.5792880258899676,0.6116504854368932,0.6440129449838188,0.6796116504854369,0.7216828478964401,0.7702265372168284,0.8187702265372169
total,30,10,1,"tensor(7.4337, device='cuda:0')",0.08414239482200647
dynamic,30,10,5,"tensor(7.4337, device='cuda:0')",0.08414239482200647,0.13268608414239483,0.2297734627831715,0.3300970873786408,0.4692556634304207,0.5307443365695793,0.5792880258899676,0.6116504854368932,0.6440129449838188,0.6796116504854369,0.7216828478964401,0.7702265372168284,0.8187702265372169
total,30,10,2,"tensor(7.4337, device='cuda:0')",0.12297734627831715,0.13268608414239483
total,30,10,5,"tensor(7.4337, device='cuda:0')",0.20064724919093851,0.21359223300970873,0.2297734627831715
dynamic,30,10,10,"tensor(7.4337, device='cuda:0')",0.08414239482200647,0.13268608414239483,0.2297734627831715,0.3300970873786408,0.4692556634304207,0.5307443365695793,0.5792880258899676,0.6116504854368932,0.6440129449838188,0.6796116504854369,0.7216828478964401,0.7702265372168284,0.8187702265372169
dynamic,30,10,20,"tensor(7.4337, device='cuda:0')",0.08414239482200647,0.13268608414239483,0.2297734627831715,0.3300970873786408,0.4692556634304207,0.5307443365695793,0.5792880258899676,0.6116504854368932,0.6440129449838188,0.6796116504854369,0.7216828478964401,0.7702265372168284,0.8187702265372169
dynamic,30,10,30,"tensor(7.4337, device='cuda:0')",0.08414239482200647,0.13268608414239483,0.2297734627831715,0.3300970873786408,0.4692556634304207,0.5307443365695793,0.5792880258899676,0.6116504854368932,0.6440129449838188,0.6796116504854369,0.7216828478964401,0.7702265372168284,0.8187702265372169
total,30,10,10,"tensor(7.4337, device='cuda:0')",0.2750809061488673,0.29449838187702265,0.3106796116504854,0.3300970873786408
total,30,10,20,"tensor(7.4337, device='cuda:0')",0.35275080906148865,0.3851132686084142,0.4174757281553398,0.4336569579288026,0.4692556634304207
total,30,10,30,"tensor(7.4337, device='cuda:0')",0.3818770226537217,0.42394822006472493,0.45307443365695793,0.4854368932038835,0.49838187702265374,0.5307443365695793
dynamic,30,10,40,"tensor(7.4337, device='cuda:0')",0.08414239482200647,0.13268608414239483,0.2297734627831715,0.3300970873786408,0.4692556634304207,0.5307443365695793,0.5792880258899676,0.6116504854368932,0.6440129449838188,0.6796116504854369,0.7216828478964401,0.7702265372168284,0.8187702265372169
total,30,10,40,"tensor(7.4337, device='cuda:0')",0.41423948220064727,0.45307443365695793,0.4854368932038835,0.5210355987055016,0.5307443365695793,0.5501618122977346,0.5792880258899676
dynamic,30,10,50,"tensor(7.4337, device='cuda:0')",0.08414239482200647,0.13268608414239483,0.2297734627831715,0.3300970873786408,0.4692556634304207,0.5307443365695793,0.5792880258899676,0.6116504854368932,0.6440129449838188,0.6796116504854369,0.7216828478964401,0.7702265372168284,0.8187702265372169
dynamic,30,10,60,"tensor(7.4337, device='cuda:0')",0.08414239482200647,0.13268608414239483,0.2297734627831715,0.3300970873786408,0.4692556634304207,0.5307443365695793,0.5792880258899676,0.6116504854368932,0.6440129449838188,0.6796116504854369,0.7216828478964401,0.7702265372168284,0.8187702265372169
total,30,10,50,"tensor(7.4337, device='cuda:0')",0.42718446601941745,0.47249190938511326,0.5048543689320388,0.540453074433657,0.5566343042071198,0.5728155339805825,0.5889967637540453,0.6116504854368932
total,30,10,60,"tensor(7.4337, device='cuda:0')",0.44983818770226536,0.49838187702265374,0.5242718446601942,0.5663430420711975,0.5889967637540453,0.5954692556634305,0.6051779935275081,0.6245954692556634,0.6440129449838188
dynamic,30,10,70,"tensor(7.4337, device='cuda:0')",0.08414239482200647,0.13268608414239483,0.2297734627831715,0.3300970873786408,0.4692556634304207,0.5307443365695793,0.5792880258899676,0.6116504854368932,0.6440129449838188,0.6796116504854369,0.7216828478964401,0.7702265372168284,0.8187702265372169
dynamic,30,10,80,"tensor(7.4337, device='cuda:0')",0.08414239482200647,0.13268608414239483,0.2297734627831715,0.3300970873786408,0.4692556634304207,0.5307443365695793,0.5792880258899676,0.6116504854368932,0.6440129449838188,0.6796116504854369,0.7216828478964401,0.7702265372168284,0.8187702265372169
dynamic,30,10,90,"tensor(7.4337, device='cuda:0')",0.08414239482200647,0.13268608414239483,0.2297734627831715,0.3300970873786408,0.4692556634304207,0.5307443365695793,0.5792880258899676,0.6116504854368932,0.6440129449838188,0.6796116504854369,0.7216828478964401,0.7702265372168284,0.8187702265372169
total,30,10,70,"tensor(7.4337, device='cuda:0')",0.4692556634304207,0.5210355987055016,0.5501618122977346,0.5889967637540453,0.6181229773462783,0.6181229773462783,0.6343042071197411,0.6407766990291263,0.6601941747572816,0.6796116504854369
total,30,10,80,"tensor(7.4337, device='cuda:0')",0.49514563106796117,0.5469255663430421,0.5728155339805825,0.6213592233009708,0.6407766990291263,0.656957928802589,0.6634304207119741,0.6731391585760518,0.6828478964401294,0.7022653721682848,0.7216828478964401
total,30,10,90,"tensor(7.4337, device='cuda:0')",0.5048543689320388,0.56957928802589,0.6051779935275081,0.6537216828478964,0.6731391585760518,0.6957928802588996,0.6957928802588996,0.7055016181229773,0.7184466019417476,0.7378640776699029,0.7540453074433657,0.7702265372168284
dynamic,30,10,100,"tensor(7.4337, device='cuda:0')",0.08414239482200647,0.13268608414239483,0.2297734627831715,0.3300970873786408,0.4692556634304207,0.5307443365695793,0.5792880258899676,0.6116504854368932,0.6440129449838188,0.6796116504854369,0.7216828478964401,0.7702265372168284,0.8187702265372169
dynamic,30,10,150,"tensor(7.4337, device='cuda:0')",0.08414239482200647,0.13268608414239483,0.2297734627831715,0.3300970873786408,0.4692556634304207,0.5307443365695793,0.5792880258899676,0.6116504854368932,0.6440129449838188,0.6796116504854369,0.7216828478964401,0.7702265372168284,0.8187702265372169
total,30,10,100,"tensor(7.4337, device='cuda:0')",0.5242718446601942,0.5954692556634305,0.6343042071197411,0.6763754045307443,0.7055016181229773,0.7281553398058253,0.7346278317152104,0.7346278317152104,0.7572815533980582,0.7702265372168284,0.7864077669902912,0.8058252427184466,0.8187702265372169
dynamic,30,10,200,"tensor(7.4337, device='cuda:0')",0.08414239482200647,0.13268608414239483,0.2297734627831715,0.3300970873786408,0.4692556634304207,0.5307443365695793,0.5792880258899676,0.6116504854368932,0.6440129449838188,0.6796116504854369,0.7216828478964401,0.7702265372168284,0.8187702265372169
dynamic,40,6,1,"tensor(4.7476, device='cuda:0')",0.06472491909385113,0.09061488673139159,0.16181229773462782,0.23948220064724918,0.3559870550161812,0.42394822006472493,0.47249190938511326,0.5501618122977346,0.5922330097087378,0.656957928802589,0.7281553398058253,0.7864077669902912,0.8446601941747572
dynamic,40,6,2,"tensor(4.7476, device='cuda:0')",0.06472491909385113,0.09061488673139159,0.16181229773462782,0.23948220064724918,0.3559870550161812,0.42394822006472493,0.47249190938511326,0.5501618122977346,0.5922330097087378,0.656957928802589,0.7281553398058253,0.7864077669902912,0.8446601941747572
total,40,6,1,"tensor(4.7476, device='cuda:0')",0.06472491909385113
dynamic,40,6,5,"tensor(4.7476, device='cuda:0')",0.06472491909385113,0.09061488673139159,0.16181229773462782,0.23948220064724918,0.3559870550161812,0.42394822006472493,0.47249190938511326,0.5501618122977346,0.5922330097087378,0.656957928802589,0.7281553398058253,0.7864077669902912,0.8446601941747572
total,40,6,2,"tensor(4.7476, device='cuda:0')",0.08414239482200647,0.09061488673139159
total,40,6,5,"tensor(4.7476, device='cuda:0')",0.13592233009708737,0.1488673139158576,0.16181229773462782
dynamic,40,6,10,"tensor(4.7476, device='cuda:0')",0.06472491909385113,0.09061488673139159,0.16181229773462782,0.23948220064724918,0.3559870550161812,0.42394822006472493,0.47249190938511326,0.5501618122977346,0.5922330097087378,0.656957928802589,0.7281553398058253,0.7864077669902912,0.8446601941747572
dynamic,40,6,20,"tensor(4.7476, device='cuda:0')",0.06472491909385113,0.09061488673139159,0.16181229773462782,0.23948220064724918,0.3559870550161812,0.42394822006472493,0.47249190938511326,0.5501618122977346,0.5922330097087378,0.656957928802589,0.7281553398058253,0.7864077669902912,0.8446601941747572
dynamic,40,6,30,"tensor(4.7476, device='cuda:0')",0.06472491909385113,0.09061488673139159,0.16181229773462782,0.23948220064724918,0.3559870550161812,0.42394822006472493,0.47249190938511326,0.5501618122977346,0.5922330097087378,0.656957928802589,0.7281553398058253,0.7864077669902912,0.8446601941747572
total,40,6,10,"tensor(4.7476, device='cuda:0')",0.18770226537216828,0.20711974110032363,0.22330097087378642,0.23948220064724918
total,40,6,20,"tensor(4.7476, device='cuda:0')",0.2588996763754045,0.2912621359223301,0.32362459546925565,0.33980582524271846,0.3559870550161812
total,40,6,30,"tensor(4.7476, device='cuda:0')",0.2977346278317152,0.34627831715210355,0.3786407766990291,0.40129449838187703,0.4077669902912621,0.42394822006472493
dynamic,40,6,40,"tensor(4.7476, device='cuda:0')",0.06472491909385113,0.09061488673139159,0.16181229773462782,0.23948220064724918,0.3559870550161812,0.42394822006472493,0.47249190938511326,0.5501618122977346,0.5922330097087378,0.656957928802589,0.7281553398058253,0.7864077669902912,0.8446601941747572
total,40,6,40,"tensor(4.7476, device='cuda:0')",0.32362459546925565,0.37540453074433655,0.4045307443365696,0.4368932038834951,0.44660194174757284,0.45307443365695793,0.47249190938511326
dynamic,40,6,50,"tensor(4.7476, device='cuda:0')",0.06472491909385113,0.09061488673139159,0.16181229773462782,0.23948220064724918,0.3559870550161812,0.42394822006472493,0.47249190938511326,0.5501618122977346,0.5922330097087378,0.656957928802589,0.7281553398058253,0.7864077669902912,0.8446601941747572
dynamic,40,6,60,"tensor(4.7476, device='cuda:0')",0.06472491909385113,0.09061488673139159,0.16181229773462782,0.23948220064724918,0.3559870550161812,0.42394822006472493,0.47249190938511326,0.5501618122977346,0.5922330097087378,0.656957928802589,0.7281553398058253,0.7864077669902912,0.8446601941747572
total,40,6,50,"tensor(4.7476, device='cuda:0')",0.36245954692556637,0.4110032362459547,0.44660194174757284,0.4854368932038835,0.5080906148867314,0.517799352750809,0.5275080906148867,0.5501618122977346
total,40,6,60,"tensor(4.7476, device='cuda:0')",0.3818770226537217,0.4368932038834951,0.4692556634304207,0.5145631067961165,0.5372168284789643,0.5501618122977346,0.5663430420711975,0.56957928802589,0.5922330097087378
dynamic,40,6,70,"tensor(4.7476, device='cuda:0')",0.06472491909385113,0.09061488673139159,0.16181229773462782,0.23948220064724918,0.3559870550161812,0.42394822006472493,0.47249190938511326,0.5501618122977346,0.5922330097087378,0.656957928802589,0.7281553398058253,0.7864077669902912,0.8446601941747572
dynamic,40,6,90,"tensor(4.7476, device='cuda:0')",0.06472491909385113,0.09061488673139159,0.16181229773462782,0.23948220064724918,0.3559870550161812,0.42394822006472493,0.47249190938511326,0.5501618122977346,0.5922330097087378,0.656957928802589,0.7281553398058253,0.7864077669902912,0.8446601941747572
dynamic,40,6,80,"tensor(4.7476, device='cuda:0')",0.06472491909385113,0.09061488673139159,0.16181229773462782,0.23948220064724918,0.3559870550161812,0.42394822006472493,0.47249190938511326,0.5501618122977346,0.5922330097087378,0.656957928802589,0.7281553398058253,0.7864077669902912,0.8446601941747572
total,40,6,70,"tensor(4.7476, device='cuda:0')",0.4077669902912621,0.47572815533980584,0.517799352750809,0.5598705501618123,0.5825242718446602,0.6116504854368932,0.6213592233009708,0.6343042071197411,0.6375404530744336,0.656957928802589
total,40,6,80,"tensor(4.7476, device='cuda:0')",0.44983818770226536,0.5275080906148867,0.5760517799352751,0.6084142394822006,0.6407766990291263,0.656957928802589,0.6796116504854369,0.686084142394822,0.7022653721682848,0.7087378640776699,0.7281553398058253
total,40,6,90,"tensor(4.7476, device='cuda:0')",0.4854368932038835,0.5598705501618123,0.6213592233009708,0.6472491909385113,0.6796116504854369,0.6957928802588996,0.7184466019417476,0.7313915857605178,0.7508090614886731,0.7540453074433657,0.7669902912621359,0.7864077669902912
dynamic,40,6,100,"tensor(4.7476, device='cuda:0')",0.06472491909385113,0.09061488673139159,0.16181229773462782,0.23948220064724918,0.3559870550161812,0.42394822006472493,0.47249190938511326,0.5501618122977346,0.5922330097087378,0.656957928802589,0.7281553398058253,0.7864077669902912,0.8446601941747572
dynamic,40,6,200,"tensor(4.7476, device='cuda:0')",0.06472491909385113,0.09061488673139159,0.16181229773462782,0.23948220064724918,0.3559870550161812,0.42394822006472493,0.47249190938511326,0.5501618122977346,0.5922330097087378,0.656957928802589,0.7281553398058253,0.7864077669902912,0.8446601941747572
dynamic,40,6,150,"tensor(4.7476, device='cuda:0')",0.06472491909385113,0.09061488673139159,0.16181229773462782,0.23948220064724918,0.3559870550161812,0.42394822006472493,0.47249190938511326,0.5501618122977346,0.5922330097087378,0.656957928802589,0.7281553398058253,0.7864077669902912,0.8446601941747572
total,40,6,100,"tensor(4.7476, device='cuda:0')",0.517799352750809,0.6019417475728155,0.6601941747572816,0.6957928802588996,0.7281553398058253,0.7443365695792881,0.7637540453074434,0.7799352750809061,0.7896440129449838,0.8058252427184466,0.8090614886731392,0.8252427184466019,0.8446601941747572
dynamic,40,8,1,"tensor(5.1100, device='cuda:0')",0.05177993527508091,0.08090614886731391,0.17475728155339806,0.2686084142394822,0.41423948220064727,0.47249190938511326,0.517799352750809,0.5889967637540453,0.6472491909385113,0.7281553398058253,0.7766990291262136,0.7993527508090615,0.8349514563106796
total,40,8,1,"tensor(5.1100, device='cuda:0')",0.05177993527508091
dynamic,40,8,2,"tensor(5.1100, device='cuda:0')",0.05177993527508091,0.08090614886731391,0.17475728155339806,0.2686084142394822,0.41423948220064727,0.47249190938511326,0.517799352750809,0.5889967637540453,0.6472491909385113,0.7281553398058253,0.7766990291262136,0.7993527508090615,0.8349514563106796
dynamic,40,8,5,"tensor(5.1100, device='cuda:0')",0.05177993527508091,0.08090614886731391,0.17475728155339806,0.2686084142394822,0.41423948220064727,0.47249190938511326,0.517799352750809,0.5889967637540453,0.6472491909385113,0.7281553398058253,0.7766990291262136,0.7993527508090615,0.8349514563106796
total,40,8,2,"tensor(5.1100, device='cuda:0')",0.0744336569579288,0.08090614886731391
total,40,8,5,"tensor(5.1100, device='cuda:0')",0.1488673139158576,0.16181229773462782,0.17475728155339806
dynamic,40,8,10,"tensor(5.1100, device='cuda:0')",0.05177993527508091,0.08090614886731391,0.17475728155339806,0.2686084142394822,0.41423948220064727,0.47249190938511326,0.517799352750809,0.5889967637540453,0.6472491909385113,0.7281553398058253,0.7766990291262136,0.7993527508090615,0.8349514563106796
dynamic,40,8,30,"tensor(5.1100, device='cuda:0')",0.05177993527508091,0.08090614886731391,0.17475728155339806,0.2686084142394822,0.41423948220064727,0.47249190938511326,0.517799352750809,0.5889967637540453,0.6472491909385113,0.7281553398058253,0.7766990291262136,0.7993527508090615,0.8349514563106796
dynamic,40,8,20,"tensor(5.1100, device='cuda:0')",0.05177993527508091,0.08090614886731391,0.17475728155339806,0.2686084142394822,0.41423948220064727,0.47249190938511326,0.517799352750809,0.5889967637540453,0.6472491909385113,0.7281553398058253,0.7766990291262136,0.7993527508090615,0.8349514563106796
total,40,8,10,"tensor(5.1100, device='cuda:0')",0.21359223300970873,0.2297734627831715,0.2524271844660194,0.2686084142394822
total,40,8,30,"tensor(5.1100, device='cuda:0')",0.33980582524271846,0.3818770226537217,0.41423948220064727,0.44336569579288027,0.44983818770226536,0.47249190938511326
total,40,8,20,"tensor(5.1100, device='cuda:0')",0.3106796116504854,0.3365695792880259,0.37540453074433655,0.39158576051779936,0.41423948220064727
dynamic,40,8,40,"tensor(5.1100, device='cuda:0')",0.05177993527508091,0.08090614886731391,0.17475728155339806,0.2686084142394822,0.41423948220064727,0.47249190938511326,0.517799352750809,0.5889967637540453,0.6472491909385113,0.7281553398058253,0.7766990291262136,0.7993527508090615,0.8349514563106796
total,40,8,40,"tensor(5.1100, device='cuda:0')",0.37216828478964403,0.4077669902912621,0.44983818770226536,0.47896440129449835,0.4854368932038835,0.49514563106796117,0.517799352750809
dynamic,40,8,50,"tensor(5.1100, device='cuda:0')",0.05177993527508091,0.08090614886731391,0.17475728155339806,0.2686084142394822,0.41423948220064727,0.47249190938511326,0.517799352750809,0.5889967637540453,0.6472491909385113,0.7281553398058253,0.7766990291262136,0.7993527508090615,0.8349514563106796
dynamic,40,8,60,"tensor(5.1100, device='cuda:0')",0.05177993527508091,0.08090614886731391,0.17475728155339806,0.2686084142394822,0.41423948220064727,0.47249190938511326,0.517799352750809,0.5889967637540453,0.6472491909385113,0.7281553398058253,0.7766990291262136,0.7993527508090615,0.8349514563106796
total,40,8,50,"tensor(5.1100, device='cuda:0')",0.41423948220064727,0.45307443365695793,0.4919093851132686,0.5275080906148867,0.5566343042071198,0.5598705501618123,0.5663430420711975,0.5889967637540453
total,40,8,60,"tensor(5.1100, device='cuda:0')",0.44983818770226536,0.4886731391585761,0.5275080906148867,0.56957928802589,0.5954692556634305,0.6019417475728155,0.6116504854368932,0.6213592233009708,0.6472491909385113
dynamic,40,8,70,"tensor(5.1100, device='cuda:0')",0.05177993527508091,0.08090614886731391,0.17475728155339806,0.2686084142394822,0.41423948220064727,0.47249190938511326,0.517799352750809,0.5889967637540453,0.6472491909385113,0.7281553398058253,0.7766990291262136,0.7993527508090615,0.8349514563106796
dynamic,40,8,90,"tensor(5.1100, device='cuda:0')",0.05177993527508091,0.08090614886731391,0.17475728155339806,0.2686084142394822,0.41423948220064727,0.47249190938511326,0.517799352750809,0.5889967637540453,0.6472491909385113,0.7281553398058253,0.7766990291262136,0.7993527508090615,0.8349514563106796
dynamic,40,8,80,"tensor(5.1100, device='cuda:0')",0.05177993527508091,0.08090614886731391,0.17475728155339806,0.2686084142394822,0.41423948220064727,0.47249190938511326,0.517799352750809,0.5889967637540453,0.6472491909385113,0.7281553398058253,0.7766990291262136,0.7993527508090615,0.8349514563106796
total,40,8,70,"tensor(5.1100, device='cuda:0')",0.4919093851132686,0.5339805825242718,0.5825242718446602,0.6213592233009708,0.6504854368932039,0.6699029126213593,0.6796116504854369,0.6957928802588996,0.6990291262135923,0.7281553398058253
total,40,8,80,"tensor(5.1100, device='cuda:0')",0.5145631067961165,0.5728155339805825,0.6148867313915858,0.6440129449838188,0.6828478964401294,0.7119741100323624,0.7152103559870551,0.7313915857605178,0.7443365695792881,0.7508090614886731,0.7766990291262136
total,40,8,90,"tensor(5.1100, device='cuda:0')",0.5210355987055016,0.5889967637540453,0.6310679611650486,0.6666666666666666,0.6990291262135923,0.7216828478964401,0.7346278317152104,0.7443365695792881,0.7540453074433657,0.7669902912621359,0.7766990291262136,0.7993527508090615
dynamic,40,8,100,"tensor(5.1100, device='cuda:0')",0.05177993527508091,0.08090614886731391,0.17475728155339806,0.2686084142394822,0.41423948220064727,0.47249190938511326,0.517799352750809,0.5889967637540453,0.6472491909385113,0.7281553398058253,0.7766990291262136,0.7993527508090615,0.8349514563106796
total,40,8,100,"tensor(5.1100, device='cuda:0')",0.540453074433657,0.6116504854368932,0.6504854368932039,0.6893203883495146,0.7249190938511327,0.7378640776699029,0.7605177993527508,0.7669902912621359,0.7831715210355987,0.7928802588996764,0.8025889967637541,0.8155339805825242,0.8349514563106796
dynamic,40,8,150,"tensor(5.1100, device='cuda:0')",0.05177993527508091,0.08090614886731391,0.17475728155339806,0.2686084142394822,0.41423948220064727,0.47249190938511326,0.517799352750809,0.5889967637540453,0.6472491909385113,0.7281553398058253,0.7766990291262136,0.7993527508090615,0.8349514563106796
dynamic,40,8,200,"tensor(5.1100, device='cuda:0')",0.05177993527508091,0.08090614886731391,0.17475728155339806,0.2686084142394822,0.41423948220064727,0.47249190938511326,0.517799352750809,0.5889967637540453,0.6472491909385113,0.7281553398058253,0.7766990291262136,0.7993527508090615,0.8349514563106796
dynamic,40,10,1,"tensor(6.0291, device='cuda:0')",0.08090614886731391,0.10679611650485436,0.18446601941747573,0.2912621359223301,0.44660194174757284,0.540453074433657,0.5857605177993528,0.6375404530744336,0.7022653721682848,0.7605177993527508,0.7831715210355987,0.8220064724919094,0.8576051779935275
dynamic,40,10,2,"tensor(6.0291, device='cuda:0')",0.08090614886731391,0.10679611650485436,0.18446601941747573,0.2912621359223301,0.44660194174757284,0.540453074433657,0.5857605177993528,0.6375404530744336,0.7022653721682848,0.7605177993527508,0.7831715210355987,0.8220064724919094,0.8576051779935275
total,40,10,1,"tensor(6.0291, device='cuda:0')",0.08090614886731391
dynamic,40,10,5,"tensor(6.0291, device='cuda:0')",0.08090614886731391,0.10679611650485436,0.18446601941747573,0.2912621359223301,0.44660194174757284,0.540453074433657,0.5857605177993528,0.6375404530744336,0.7022653721682848,0.7605177993527508,0.7831715210355987,0.8220064724919094,0.8576051779935275
total,40,10,2,"tensor(6.0291, device='cuda:0')",0.10032362459546926,0.10679611650485436
total,40,10,5,"tensor(6.0291, device='cuda:0')",0.15210355987055016,0.1715210355987055,0.18446601941747573
dynamic,40,10,10,"tensor(6.0291, device='cuda:0')",0.08090614886731391,0.10679611650485436,0.18446601941747573,0.2912621359223301,0.44660194174757284,0.540453074433657,0.5857605177993528,0.6375404530744336,0.7022653721682848,0.7605177993527508,0.7831715210355987,0.8220064724919094,0.8576051779935275
total,40,10,10,"tensor(6.0291, device='cuda:0')",0.2297734627831715,0.2588996763754045,0.2750809061488673,0.2912621359223301
dynamic,40,10,20,"tensor(6.0291, device='cuda:0')",0.08090614886731391,0.10679611650485436,0.18446601941747573,0.2912621359223301,0.44660194174757284,0.540453074433657,0.5857605177993528,0.6375404530744336,0.7022653721682848,0.7605177993527508,0.7831715210355987,0.8220064724919094,0.8576051779935275
dynamic,40,10,30,"tensor(6.0291, device='cuda:0')",0.08090614886731391,0.10679611650485436,0.18446601941747573,0.2912621359223301,0.44660194174757284,0.540453074433657,0.5857605177993528,0.6375404530744336,0.7022653721682848,0.7605177993527508,0.7831715210355987,0.8220064724919094,0.8576051779935275
total,40,10,20,"tensor(6.0291, device='cuda:0')",0.32038834951456313,0.36245954692556637,0.39805825242718446,0.4077669902912621,0.44660194174757284
total,40,10,30,"tensor(6.0291, device='cuda:0')",0.36893203883495146,0.42394822006472493,0.4563106796116505,0.4919093851132686,0.5080906148867314,0.540453074433657
dynamic,40,10,40,"tensor(6.0291, device='cuda:0')",0.08090614886731391,0.10679611650485436,0.18446601941747573,0.2912621359223301,0.44660194174757284,0.540453074433657,0.5857605177993528,0.6375404530744336,0.7022653721682848,0.7605177993527508,0.7831715210355987,0.8220064724919094,0.8576051779935275
total,40,10,40,"tensor(6.0291, device='cuda:0')",0.40129449838187703,0.4563106796116505,0.4919093851132686,0.5275080906148867,0.5372168284789643,0.5566343042071198,0.5857605177993528
dynamic,40,10,50,"tensor(6.0291, device='cuda:0')",0.08090614886731391,0.10679611650485436,0.18446601941747573,0.2912621359223301,0.44660194174757284,0.540453074433657,0.5857605177993528,0.6375404530744336,0.7022653721682848,0.7605177993527508,0.7831715210355987,0.8220064724919094,0.8576051779935275
dynamic,40,10,60,"tensor(6.0291, device='cuda:0')",0.08090614886731391,0.10679611650485436,0.18446601941747573,0.2912621359223301,0.44660194174757284,0.540453074433657,0.5857605177993528,0.6375404530744336,0.7022653721682848,0.7605177993527508,0.7831715210355987,0.8220064724919094,0.8576051779935275
total,40,10,50,"tensor(6.0291, device='cuda:0')",0.4336569579288026,0.49514563106796117,0.5307443365695793,0.5566343042071198,0.5857605177993528,0.598705501618123,0.6084142394822006,0.6375404530744336
total,40,10,60,"tensor(6.0291, device='cuda:0')",0.47249190938511326,0.540453074433657,0.5825242718446602,0.6181229773462783,0.6472491909385113,0.6504854368932039,0.6634304207119741,0.6731391585760518,0.7022653721682848
dynamic,40,10,70,"tensor(6.0291, device='cuda:0')",0.08090614886731391,0.10679611650485436,0.18446601941747573,0.2912621359223301,0.44660194174757284,0.540453074433657,0.5857605177993528,0.6375404530744336,0.7022653721682848,0.7605177993527508,0.7831715210355987,0.8220064724919094,0.8576051779935275
total,40,10,70,"tensor(6.0291, device='cuda:0')",0.49514563106796117,0.5728155339805825,0.6116504854368932,0.6504854368932039,0.6763754045307443,0.6925566343042071,0.6990291262135923,0.7152103559870551,0.7281553398058253,0.7605177993527508
dynamic,40,10,80,"tensor(6.0291, device='cuda:0')",0.08090614886731391,0.10679611650485436,0.18446601941747573,0.2912621359223301,0.44660194174757284,0.540453074433657,0.5857605177993528,0.6375404530744336,0.7022653721682848,0.7605177993527508,0.7831715210355987,0.8220064724919094,0.8576051779935275
dynamic,40,10,90,"tensor(6.0291, device='cuda:0')",0.08090614886731391,0.10679611650485436,0.18446601941747573,0.2912621359223301,0.44660194174757284,0.540453074433657,0.5857605177993528,0.6375404530744336,0.7022653721682848,0.7605177993527508,0.7831715210355987,0.8220064724919094,0.8576051779935275
total,40,10,80,"tensor(6.0291, device='cuda:0')",0.5080906148867314,0.5857605177993528,0.627831715210356,0.656957928802589,0.686084142394822,0.7055016181229773,0.7087378640776699,0.7249190938511327,0.7346278317152104,0.7572815533980582,0.7831715210355987
total,40,10,90,"tensor(6.0291, device='cuda:0')",0.5242718446601942,0.6019417475728155,0.6440129449838188,0.6763754045307443,0.7055016181229773,0.7378640776699029,0.7443365695792881,0.7540453074433657,0.7669902912621359,0.7766990291262136,0.7961165048543689,0.8220064724919094
dynamic,40,10,100,"tensor(6.0291, device='cuda:0')",0.08090614886731391,0.10679611650485436,0.18446601941747573,0.2912621359223301,0.44660194174757284,0.540453074433657,0.5857605177993528,0.6375404530744336,0.7022653721682848,0.7605177993527508,0.7831715210355987,0.8220064724919094,0.8576051779935275
dynamic,40,10,150,"tensor(6.0291, device='cuda:0')",0.08090614886731391,0.10679611650485436,0.18446601941747573,0.2912621359223301,0.44660194174757284,0.540453074433657,0.5857605177993528,0.6375404530744336,0.7022653721682848,0.7605177993527508,0.7831715210355987,0.8220064724919094,0.8576051779935275
total,40,10,100,"tensor(6.0291, device='cuda:0')",0.5469255663430421,0.6310679611650486,0.6763754045307443,0.7055016181229773,0.7346278317152104,0.7605177993527508,0.7766990291262136,0.7831715210355987,0.7928802588996764,0.8025889967637541,0.8155339805825242,0.8349514563106796,0.8576051779935275
dynamic,40,10,200,"tensor(6.0291, device='cuda:0')",0.08090614886731391,0.10679611650485436,0.18446601941747573,0.2912621359223301,0.44660194174757284,0.540453074433657,0.5857605177993528,0.6375404530744336,0.7022653721682848,0.7605177993527508,0.7831715210355987,0.8220064724919094,0.8576051779935275
